n.name,labels(n),n.color,type(r),m.name,labels(m),m.color
船闸枢纽建设,[UpIndustry],#FBBC05,产生需求,工程固废资源化需求,[Demand],#4CAF50
船闸枢纽建设,[UpIndustry],#FBBC05,产生需求,通航智能调度需求,[Demand],#4CAF50
船闸枢纽建设,[UpIndustry],#FBBC05,产生需求,船舶智能助航需求,[Demand],#4CAF50
船闸枢纽建设,[UpIndustry],#FBBC05,产生需求,船舶高效过闸需求,[Demand],#4CAF50
船闸枢纽建设,[UpIndustry],#FBBC05,产生需求,船闸设备故障预警需求,[Demand],#4CAF50
船闸枢纽建设,[UpIndustry],#FBBC05,产生需求,分布式智能管控需求,[Demand],#4CAF50
船闸枢纽建设,[UpIndustry],#FBBC05,产生需求,动力系统智能监控需求,[Demand],#4CAF50
船闸枢纽建设,[UpIndustry],#FBBC05,产生需求,智能机器人作业需求,[Demand],#4CAF50
船闸枢纽建设,[UpIndustry],#FBBC05,产生需求,高精度光纤授时需求,[Demand],#4CAF50
船闸枢纽建设,[UpIndustry],#FBBC05,产生需求,大坝三维水下探测需求,[Demand],#4CAF50
船闸枢纽建设,[UpIndustry],#FBBC05,产生需求,船舶吃水自动检测需求,[Demand],#4CAF50
航道整治与清礁,[UpIndustry],#FBBC05,产生需求,智能疏浚决策需求,[Demand],#4CAF50
航道整治与清礁,[UpIndustry],#FBBC05,产生需求,水面清漂监测需求,[Demand],#4CAF50
航道整治与清礁,[UpIndustry],#FBBC05,产生需求,港口一体化管控需求,[Demand],#4CAF50
航道整治与清礁,[UpIndustry],#FBBC05,产生需求,船组水动力预报需求,[Demand],#4CAF50
航道整治与清礁,[UpIndustry],#FBBC05,产生需求,生态过鱼仿真需求,[Demand],#4CAF50
航道整治与清礁,[UpIndustry],#FBBC05,产生需求,标准船型研发需求,[Demand],#4CAF50
航道整治与清礁,[UpIndustry],#FBBC05,产生需求,船舶智能航行控制需求,[Demand],#4CAF50
航道整治与清礁,[UpIndustry],#FBBC05,产生需求,钾离子固态电池储能需求,[Demand],#4CAF50
航道整治与清礁,[UpIndustry],#FBBC05,产生需求,风光波浪互补供电需求,[Demand],#4CAF50
航道整治与清礁,[UpIndustry],#FBBC05,产生需求,水风光氢零碳微电网需求,[Demand],#4CAF50
航道整治与清礁,[UpIndustry],#FBBC05,产生需求,船舶航道智慧消防需求,[Demand],#4CAF50
航道整治与清礁,[UpIndustry],#FBBC05,产生需求,大坝结构安全诊断需求,[Demand],#4CAF50
航道整治与清礁,[UpIndustry],#FBBC05,产生需求,大坝渗流隐蔽病害探测需求,[Demand],#4CAF50
航道整治与清礁,[UpIndustry],#FBBC05,产生需求,枢纽施工断航风险评估需求,[Demand],#4CAF50
航道整治与清礁,[UpIndustry],#FBBC05,产生需求,大体积混凝土控裂需求,[Demand],#4CAF50
航道整治与清礁,[UpIndustry],#FBBC05,产生需求,枢纽混凝土制备需求,[Demand],#4CAF50
航道整治与清礁,[UpIndustry],#FBBC05,产生需求,混凝土自耐久需求,[Demand],#4CAF50
航道整治与清礁,[UpIndustry],#FBBC05,产生需求,混凝土数字化管理需求,[Demand],#4CAF50
航道整治与清礁,[UpIndustry],#FBBC05,产生需求,水下环保裂岩需求,[Demand],#4CAF50
航道整治与清礁,[UpIndustry],#FBBC05,产生需求,高陡边坡爆破安全需求,[Demand],#4CAF50
航道整治与清礁,[UpIndustry],#FBBC05,产生需求,工程固废资源化需求,[Demand],#4CAF50
航道整治与清礁,[UpIndustry],#FBBC05,产生需求,通航智能调度需求,[Demand],#4CAF50
航道整治与清礁,[UpIndustry],#FBBC05,产生需求,船舶智能助航需求,[Demand],#4CAF50
航道整治与清礁,[UpIndustry],#FBBC05,产生需求,船舶高效过闸需求,[Demand],#4CAF50
航道整治与清礁,[UpIndustry],#FBBC05,产生需求,船闸设备故障预警需求,[Demand],#4CAF50
航道整治与清礁,[UpIndustry],#FBBC05,产生需求,分布式智能管控需求,[Demand],#4CAF50
航道整治与清礁,[UpIndustry],#FBBC05,产生需求,动力系统智能监控需求,[Demand],#4CAF50
航道整治与清礁,[UpIndustry],#FBBC05,产生需求,智能机器人作业需求,[Demand],#4CAF50
航道整治与清礁,[UpIndustry],#FBBC05,产生需求,高精度光纤授时需求,[Demand],#4CAF50
航道整治与清礁,[UpIndustry],#FBBC05,产生需求,大坝三维水下探测需求,[Demand],#4CAF50
航道整治与清礁,[UpIndustry],#FBBC05,产生需求,船舶吃水自动检测需求,[Demand],#4CAF50
高陡边坡工程,[UpIndustry],#FBBC05,产生需求,智能疏浚决策需求,[Demand],#4CAF50
高陡边坡工程,[UpIndustry],#FBBC05,产生需求,水面清漂监测需求,[Demand],#4CAF50
高陡边坡工程,[UpIndustry],#FBBC05,产生需求,港口一体化管控需求,[Demand],#4CAF50
高陡边坡工程,[UpIndustry],#FBBC05,产生需求,船组水动力预报需求,[Demand],#4CAF50
高陡边坡工程,[UpIndustry],#FBBC05,产生需求,生态过鱼仿真需求,[Demand],#4CAF50
高陡边坡工程,[UpIndustry],#FBBC05,产生需求,标准船型研发需求,[Demand],#4CAF50
高陡边坡工程,[UpIndustry],#FBBC05,产生需求,船舶智能航行控制需求,[Demand],#4CAF50
高陡边坡工程,[UpIndustry],#FBBC05,产生需求,钾离子固态电池储能需求,[Demand],#4CAF50
高陡边坡工程,[UpIndustry],#FBBC05,产生需求,风光波浪互补供电需求,[Demand],#4CAF50
高陡边坡工程,[UpIndustry],#FBBC05,产生需求,水风光氢零碳微电网需求,[Demand],#4CAF50
高陡边坡工程,[UpIndustry],#FBBC05,产生需求,船舶航道智慧消防需求,[Demand],#4CAF50
高陡边坡工程,[UpIndustry],#FBBC05,产生需求,大坝结构安全诊断需求,[Demand],#4CAF50
高陡边坡工程,[UpIndustry],#FBBC05,产生需求,大坝渗流隐蔽病害探测需求,[Demand],#4CAF50
高陡边坡工程,[UpIndustry],#FBBC05,产生需求,枢纽施工断航风险评估需求,[Demand],#4CAF50
高陡边坡工程,[UpIndustry],#FBBC05,产生需求,大体积混凝土控裂需求,[Demand],#4CAF50
高陡边坡工程,[UpIndustry],#FBBC05,产生需求,枢纽混凝土制备需求,[Demand],#4CAF50
高陡边坡工程,[UpIndustry],#FBBC05,产生需求,混凝土自耐久需求,[Demand],#4CAF50
高陡边坡工程,[UpIndustry],#FBBC05,产生需求,混凝土数字化管理需求,[Demand],#4CAF50
高陡边坡工程,[UpIndustry],#FBBC05,产生需求,水下环保裂岩需求,[Demand],#4CAF50
高陡边坡工程,[UpIndustry],#FBBC05,产生需求,高陡边坡爆破安全需求,[Demand],#4CAF50
高陡边坡工程,[UpIndustry],#FBBC05,产生需求,工程固废资源化需求,[Demand],#4CAF50
高陡边坡工程,[UpIndustry],#FBBC05,产生需求,通航智能调度需求,[Demand],#4CAF50
高陡边坡工程,[UpIndustry],#FBBC05,产生需求,船舶智能助航需求,[Demand],#4CAF50
高陡边坡工程,[UpIndustry],#FBBC05,产生需求,船舶高效过闸需求,[Demand],#4CAF50
高陡边坡工程,[UpIndustry],#FBBC05,产生需求,船闸设备故障预警需求,[Demand],#4CAF50
高陡边坡工程,[UpIndustry],#FBBC05,产生需求,分布式智能管控需求,[Demand],#4CAF50
高陡边坡工程,[UpIndustry],#FBBC05,产生需求,动力系统智能监控需求,[Demand],#4CAF50
高陡边坡工程,[UpIndustry],#FBBC05,产生需求,智能机器人作业需求,[Demand],#4CAF50
高陡边坡工程,[UpIndustry],#FBBC05,产生需求,高精度光纤授时需求,[Demand],#4CAF50
高陡边坡工程,[UpIndustry],#FBBC05,产生需求,大坝三维水下探测需求,[Demand],#4CAF50
高陡边坡工程,[UpIndustry],#FBBC05,产生需求,船舶吃水自动检测需求,[Demand],#4CAF50
工程固废资源化,[UpIndustry],#FBBC05,产生需求,智能疏浚决策需求,[Demand],#4CAF50
工程固废资源化,[UpIndustry],#FBBC05,产生需求,水面清漂监测需求,[Demand],#4CAF50
工程固废资源化,[UpIndustry],#FBBC05,产生需求,港口一体化管控需求,[Demand],#4CAF50
工程固废资源化,[UpIndustry],#FBBC05,产生需求,船组水动力预报需求,[Demand],#4CAF50
工程固废资源化,[UpIndustry],#FBBC05,产生需求,生态过鱼仿真需求,[Demand],#4CAF50
工程固废资源化,[UpIndustry],#FBBC05,产生需求,标准船型研发需求,[Demand],#4CAF50
工程固废资源化,[UpIndustry],#FBBC05,产生需求,船舶智能航行控制需求,[Demand],#4CAF50
工程固废资源化,[UpIndustry],#FBBC05,产生需求,钾离子固态电池储能需求,[Demand],#4CAF50
工程固废资源化,[UpIndustry],#FBBC05,产生需求,风光波浪互补供电需求,[Demand],#4CAF50
工程固废资源化,[UpIndustry],#FBBC05,产生需求,水风光氢零碳微电网需求,[Demand],#4CAF50
工程固废资源化,[UpIndustry],#FBBC05,产生需求,船舶航道智慧消防需求,[Demand],#4CAF50
工程固废资源化,[UpIndustry],#FBBC05,产生需求,大坝结构安全诊断需求,[Demand],#4CAF50
工程固废资源化,[UpIndustry],#FBBC05,产生需求,大坝渗流隐蔽病害探测需求,[Demand],#4CAF50
工程固废资源化,[UpIndustry],#FBBC05,产生需求,枢纽施工断航风险评估需求,[Demand],#4CAF50
工程固废资源化,[UpIndustry],#FBBC05,产生需求,大体积混凝土控裂需求,[Demand],#4CAF50
工程固废资源化,[UpIndustry],#FBBC05,产生需求,枢纽混凝土制备需求,[Demand],#4CAF50
工程固废资源化,[UpIndustry],#FBBC05,产生需求,混凝土自耐久需求,[Demand],#4CAF50
工程固废资源化,[UpIndustry],#FBBC05,产生需求,混凝土数字化管理需求,[Demand],#4CAF50
工程固废资源化,[UpIndustry],#FBBC05,产生需求,水下环保裂岩需求,[Demand],#4CAF50
工程固废资源化,[UpIndustry],#FBBC05,产生需求,高陡边坡爆破安全需求,[Demand],#4CAF50
工程固废资源化,[UpIndustry],#FBBC05,产生需求,工程固废资源化需求,[Demand],#4CAF50
工程固废资源化,[UpIndustry],#FBBC05,产生需求,通航智能调度需求,[Demand],#4CAF50
工程固废资源化,[UpIndustry],#FBBC05,产生需求,船舶智能助航需求,[Demand],#4CAF50
工程固废资源化,[UpIndustry],#FBBC05,产生需求,船舶高效过闸需求,[Demand],#4CAF50
工程固废资源化,[UpIndustry],#FBBC05,产生需求,船闸设备故障预警需求,[Demand],#4CAF50
工程固废资源化,[UpIndustry],#FBBC05,产生需求,分布式智能管控需求,[Demand],#4CAF50
船闸枢纽建设,[UpIndustry],#FBBC05,产生需求,智能疏浚决策需求,[Demand],#4CAF50
船闸枢纽建设,[UpIndustry],#FBBC05,产生需求,水面清漂监测需求,[Demand],#4CAF50
船闸枢纽建设,[UpIndustry],#FBBC05,产生需求,港口一体化管控需求,[Demand],#4CAF50
船闸枢纽建设,[UpIndustry],#FBBC05,产生需求,船组水动力预报需求,[Demand],#4CAF50
船闸枢纽建设,[UpIndustry],#FBBC05,产生需求,生态过鱼仿真需求,[Demand],#4CAF50
船闸枢纽建设,[UpIndustry],#FBBC05,产生需求,标准船型研发需求,[Demand],#4CAF50
船闸枢纽建设,[UpIndustry],#FBBC05,产生需求,船舶智能航行控制需求,[Demand],#4CAF50
船闸枢纽建设,[UpIndustry],#FBBC05,产生需求,钾离子固态电池储能需求,[Demand],#4CAF50
船闸枢纽建设,[UpIndustry],#FBBC05,产生需求,风光波浪互补供电需求,[Demand],#4CAF50
船闸枢纽建设,[UpIndustry],#FBBC05,产生需求,水风光氢零碳微电网需求,[Demand],#4CAF50
船闸枢纽建设,[UpIndustry],#FBBC05,产生需求,船舶航道智慧消防需求,[Demand],#4CAF50
船闸枢纽建设,[UpIndustry],#FBBC05,产生需求,大坝结构安全诊断需求,[Demand],#4CAF50
船闸枢纽建设,[UpIndustry],#FBBC05,产生需求,大坝渗流隐蔽病害探测需求,[Demand],#4CAF50
船闸枢纽建设,[UpIndustry],#FBBC05,产生需求,枢纽施工断航风险评估需求,[Demand],#4CAF50
船闸枢纽建设,[UpIndustry],#FBBC05,产生需求,大体积混凝土控裂需求,[Demand],#4CAF50
船闸枢纽建设,[UpIndustry],#FBBC05,产生需求,枢纽混凝土制备需求,[Demand],#4CAF50
船闸枢纽建设,[UpIndustry],#FBBC05,产生需求,混凝土自耐久需求,[Demand],#4CAF50
船闸枢纽建设,[UpIndustry],#FBBC05,产生需求,混凝土数字化管理需求,[Demand],#4CAF50
船闸枢纽建设,[UpIndustry],#FBBC05,产生需求,水下环保裂岩需求,[Demand],#4CAF50
船闸枢纽建设,[UpIndustry],#FBBC05,产生需求,高陡边坡爆破安全需求,[Demand],#4CAF50
工程固废资源化,[UpIndustry],#FBBC05,产生需求,动力系统智能监控需求,[Demand],#4CAF50
工程固废资源化,[UpIndustry],#FBBC05,产生需求,智能机器人作业需求,[Demand],#4CAF50
工程固废资源化,[UpIndustry],#FBBC05,产生需求,高精度光纤授时需求,[Demand],#4CAF50
工程固废资源化,[UpIndustry],#FBBC05,产生需求,大坝三维水下探测需求,[Demand],#4CAF50
工程固废资源化,[UpIndustry],#FBBC05,产生需求,船舶吃水自动检测需求,[Demand],#4CAF50
通航智能调度,[MidIndustry],#FF9800,产生需求,智能疏浚决策需求,[Demand],#4CAF50
通航智能调度,[MidIndustry],#FF9800,产生需求,水面清漂监测需求,[Demand],#4CAF50
通航智能调度,[MidIndustry],#FF9800,产生需求,港口一体化管控需求,[Demand],#4CAF50
通航智能调度,[MidIndustry],#FF9800,产生需求,船组水动力预报需求,[Demand],#4CAF50
通航智能调度,[MidIndustry],#FF9800,产生需求,生态过鱼仿真需求,[Demand],#4CAF50
通航智能调度,[MidIndustry],#FF9800,产生需求,标准船型研发需求,[Demand],#4CAF50
通航智能调度,[MidIndustry],#FF9800,产生需求,船舶智能航行控制需求,[Demand],#4CAF50
通航智能调度,[MidIndustry],#FF9800,产生需求,钾离子固态电池储能需求,[Demand],#4CAF50
通航智能调度,[MidIndustry],#FF9800,产生需求,风光波浪互补供电需求,[Demand],#4CAF50
通航智能调度,[MidIndustry],#FF9800,产生需求,水风光氢零碳微电网需求,[Demand],#4CAF50
通航智能调度,[MidIndustry],#FF9800,产生需求,船舶航道智慧消防需求,[Demand],#4CAF50
通航智能调度,[MidIndustry],#FF9800,产生需求,大坝结构安全诊断需求,[Demand],#4CAF50
通航智能调度,[MidIndustry],#FF9800,产生需求,大坝渗流隐蔽病害探测需求,[Demand],#4CAF50
通航智能调度,[MidIndustry],#FF9800,产生需求,枢纽施工断航风险评估需求,[Demand],#4CAF50
通航智能调度,[MidIndustry],#FF9800,产生需求,大体积混凝土控裂需求,[Demand],#4CAF50
通航智能调度,[MidIndustry],#FF9800,产生需求,枢纽混凝土制备需求,[Demand],#4CAF50
通航智能调度,[MidIndustry],#FF9800,产生需求,混凝土自耐久需求,[Demand],#4CAF50
通航智能调度,[MidIndustry],#FF9800,产生需求,混凝土数字化管理需求,[Demand],#4CAF50
通航智能调度,[MidIndustry],#FF9800,产生需求,水下环保裂岩需求,[Demand],#4CAF50
通航智能调度,[MidIndustry],#FF9800,产生需求,高陡边坡爆破安全需求,[Demand],#4CAF50
通航智能调度,[MidIndustry],#FF9800,产生需求,工程固废资源化需求,[Demand],#4CAF50
通航智能调度,[MidIndustry],#FF9800,产生需求,通航智能调度需求,[Demand],#4CAF50
通航智能调度,[MidIndustry],#FF9800,产生需求,船舶智能助航需求,[Demand],#4CAF50
通航智能调度,[MidIndustry],#FF9800,产生需求,船舶高效过闸需求,[Demand],#4CAF50
通航智能调度,[MidIndustry],#FF9800,产生需求,船闸设备故障预警需求,[Demand],#4CAF50
通航智能调度,[MidIndustry],#FF9800,产生需求,分布式智能管控需求,[Demand],#4CAF50
通航智能调度,[MidIndustry],#FF9800,产生需求,动力系统智能监控需求,[Demand],#4CAF50
通航智能调度,[MidIndustry],#FF9800,产生需求,智能机器人作业需求,[Demand],#4CAF50
通航智能调度,[MidIndustry],#FF9800,产生需求,高精度光纤授时需求,[Demand],#4CAF50
通航智能调度,[MidIndustry],#FF9800,产生需求,大坝三维水下探测需求,[Demand],#4CAF50
通航智能调度,[MidIndustry],#FF9800,产生需求,船舶吃水自动检测需求,[Demand],#4CAF50
船舶安全过闸,[MidIndustry],#FF9800,产生需求,智能疏浚决策需求,[Demand],#4CAF50
船舶安全过闸,[MidIndustry],#FF9800,产生需求,水面清漂监测需求,[Demand],#4CAF50
船舶安全过闸,[MidIndustry],#FF9800,产生需求,港口一体化管控需求,[Demand],#4CAF50
船舶安全过闸,[MidIndustry],#FF9800,产生需求,船组水动力预报需求,[Demand],#4CAF50
船舶安全过闸,[MidIndustry],#FF9800,产生需求,生态过鱼仿真需求,[Demand],#4CAF50
船舶安全过闸,[MidIndustry],#FF9800,产生需求,标准船型研发需求,[Demand],#4CAF50
船舶安全过闸,[MidIndustry],#FF9800,产生需求,船舶智能航行控制需求,[Demand],#4CAF50
船舶安全过闸,[MidIndustry],#FF9800,产生需求,钾离子固态电池储能需求,[Demand],#4CAF50
船舶安全过闸,[MidIndustry],#FF9800,产生需求,风光波浪互补供电需求,[Demand],#4CAF50
船舶安全过闸,[MidIndustry],#FF9800,产生需求,水风光氢零碳微电网需求,[Demand],#4CAF50
船舶安全过闸,[MidIndustry],#FF9800,产生需求,船舶航道智慧消防需求,[Demand],#4CAF50
船舶安全过闸,[MidIndustry],#FF9800,产生需求,大坝结构安全诊断需求,[Demand],#4CAF50
船舶安全过闸,[MidIndustry],#FF9800,产生需求,大坝渗流隐蔽病害探测需求,[Demand],#4CAF50
船舶安全过闸,[MidIndustry],#FF9800,产生需求,枢纽施工断航风险评估需求,[Demand],#4CAF50
船舶安全过闸,[MidIndustry],#FF9800,产生需求,大体积混凝土控裂需求,[Demand],#4CAF50
船舶安全过闸,[MidIndustry],#FF9800,产生需求,枢纽混凝土制备需求,[Demand],#4CAF50
船舶安全过闸,[MidIndustry],#FF9800,产生需求,混凝土自耐久需求,[Demand],#4CAF50
船舶安全过闸,[MidIndustry],#FF9800,产生需求,混凝土数字化管理需求,[Demand],#4CAF50
船舶安全过闸,[MidIndustry],#FF9800,产生需求,水下环保裂岩需求,[Demand],#4CAF50
船舶安全过闸,[MidIndustry],#FF9800,产生需求,高陡边坡爆破安全需求,[Demand],#4CAF50
船舶安全过闸,[MidIndustry],#FF9800,产生需求,工程固废资源化需求,[Demand],#4CAF50
船舶安全过闸,[MidIndustry],#FF9800,产生需求,通航智能调度需求,[Demand],#4CAF50
船舶安全过闸,[MidIndustry],#FF9800,产生需求,船舶智能助航需求,[Demand],#4CAF50
船舶安全过闸,[MidIndustry],#FF9800,产生需求,船舶高效过闸需求,[Demand],#4CAF50
船舶安全过闸,[MidIndustry],#FF9800,产生需求,船闸设备故障预警需求,[Demand],#4CAF50
船舶安全过闸,[MidIndustry],#FF9800,产生需求,分布式智能管控需求,[Demand],#4CAF50
船舶安全过闸,[MidIndustry],#FF9800,产生需求,动力系统智能监控需求,[Demand],#4CAF50
船舶安全过闸,[MidIndustry],#FF9800,产生需求,智能机器人作业需求,[Demand],#4CAF50
船舶安全过闸,[MidIndustry],#FF9800,产生需求,高精度光纤授时需求,[Demand],#4CAF50
船舶安全过闸,[MidIndustry],#FF9800,产生需求,大坝三维水下探测需求,[Demand],#4CAF50
船舶安全过闸,[MidIndustry],#FF9800,产生需求,船舶吃水自动检测需求,[Demand],#4CAF50
船闸设备运维,[MidIndustry],#FF9800,产生需求,智能疏浚决策需求,[Demand],#4CAF50
船闸设备运维,[MidIndustry],#FF9800,产生需求,水面清漂监测需求,[Demand],#4CAF50
船闸设备运维,[MidIndustry],#FF9800,产生需求,港口一体化管控需求,[Demand],#4CAF50
船闸设备运维,[MidIndustry],#FF9800,产生需求,船组水动力预报需求,[Demand],#4CAF50
船闸设备运维,[MidIndustry],#FF9800,产生需求,生态过鱼仿真需求,[Demand],#4CAF50
船闸设备运维,[MidIndustry],#FF9800,产生需求,标准船型研发需求,[Demand],#4CAF50
船闸设备运维,[MidIndustry],#FF9800,产生需求,船舶智能航行控制需求,[Demand],#4CAF50
船闸设备运维,[MidIndustry],#FF9800,产生需求,钾离子固态电池储能需求,[Demand],#4CAF50
船闸设备运维,[MidIndustry],#FF9800,产生需求,风光波浪互补供电需求,[Demand],#4CAF50
船闸设备运维,[MidIndustry],#FF9800,产生需求,水风光氢零碳微电网需求,[Demand],#4CAF50
船闸设备运维,[MidIndustry],#FF9800,产生需求,船舶航道智慧消防需求,[Demand],#4CAF50
船闸设备运维,[MidIndustry],#FF9800,产生需求,大坝结构安全诊断需求,[Demand],#4CAF50
船闸设备运维,[MidIndustry],#FF9800,产生需求,大坝渗流隐蔽病害探测需求,[Demand],#4CAF50
船闸设备运维,[MidIndustry],#FF9800,产生需求,枢纽施工断航风险评估需求,[Demand],#4CAF50
船闸设备运维,[MidIndustry],#FF9800,产生需求,大体积混凝土控裂需求,[Demand],#4CAF50
船闸设备运维,[MidIndustry],#FF9800,产生需求,枢纽混凝土制备需求,[Demand],#4CAF50
船闸设备运维,[MidIndustry],#FF9800,产生需求,混凝土自耐久需求,[Demand],#4CAF50
船闸设备运维,[MidIndustry],#FF9800,产生需求,混凝土数字化管理需求,[Demand],#4CAF50
船闸设备运维,[MidIndustry],#FF9800,产生需求,水下环保裂岩需求,[Demand],#4CAF50
船闸设备运维,[MidIndustry],#FF9800,产生需求,高陡边坡爆破安全需求,[Demand],#4CAF50
船闸设备运维,[MidIndustry],#FF9800,产生需求,工程固废资源化需求,[Demand],#4CAF50
船闸设备运维,[MidIndustry],#FF9800,产生需求,通航智能调度需求,[Demand],#4CAF50
船闸设备运维,[MidIndustry],#FF9800,产生需求,船舶智能助航需求,[Demand],#4CAF50
船闸设备运维,[MidIndustry],#FF9800,产生需求,船舶高效过闸需求,[Demand],#4CAF50
船闸设备运维,[MidIndustry],#FF9800,产生需求,船闸设备故障预警需求,[Demand],#4CAF50
船闸设备运维,[MidIndustry],#FF9800,产生需求,分布式智能管控需求,[Demand],#4CAF50
船闸设备运维,[MidIndustry],#FF9800,产生需求,动力系统智能监控需求,[Demand],#4CAF50
船闸设备运维,[MidIndustry],#FF9800,产生需求,智能机器人作业需求,[Demand],#4CAF50
船闸设备运维,[MidIndustry],#FF9800,产生需求,高精度光纤授时需求,[Demand],#4CAF50
船闸设备运维,[MidIndustry],#FF9800,产生需求,大坝三维水下探测需求,[Demand],#4CAF50
船闸设备运维,[MidIndustry],#FF9800,产生需求,船舶吃水自动检测需求,[Demand],#4CAF50
大坝与水下探测,[MidIndustry],#FF9800,产生需求,智能疏浚决策需求,[Demand],#4CAF50
大坝与水下探测,[MidIndustry],#FF9800,产生需求,水面清漂监测需求,[Demand],#4CAF50
大坝与水下探测,[MidIndustry],#FF9800,产生需求,港口一体化管控需求,[Demand],#4CAF50
大坝与水下探测,[MidIndustry],#FF9800,产生需求,船组水动力预报需求,[Demand],#4CAF50
大坝与水下探测,[MidIndustry],#FF9800,产生需求,生态过鱼仿真需求,[Demand],#4CAF50
大坝与水下探测,[MidIndustry],#FF9800,产生需求,标准船型研发需求,[Demand],#4CAF50
大坝与水下探测,[MidIndustry],#FF9800,产生需求,船舶智能航行控制需求,[Demand],#4CAF50
大坝与水下探测,[MidIndustry],#FF9800,产生需求,钾离子固态电池储能需求,[Demand],#4CAF50
大坝与水下探测,[MidIndustry],#FF9800,产生需求,风光波浪互补供电需求,[Demand],#4CAF50
大坝与水下探测,[MidIndustry],#FF9800,产生需求,水风光氢零碳微电网需求,[Demand],#4CAF50
大坝与水下探测,[MidIndustry],#FF9800,产生需求,船舶航道智慧消防需求,[Demand],#4CAF50
大坝与水下探测,[MidIndustry],#FF9800,产生需求,大坝结构安全诊断需求,[Demand],#4CAF50
大坝与水下探测,[MidIndustry],#FF9800,产生需求,大坝渗流隐蔽病害探测需求,[Demand],#4CAF50
大坝与水下探测,[MidIndustry],#FF9800,产生需求,枢纽施工断航风险评估需求,[Demand],#4CAF50
大坝与水下探测,[MidIndustry],#FF9800,产生需求,大体积混凝土控裂需求,[Demand],#4CAF50
大坝与水下探测,[MidIndustry],#FF9800,产生需求,枢纽混凝土制备需求,[Demand],#4CAF50
大坝与水下探测,[MidIndustry],#FF9800,产生需求,混凝土自耐久需求,[Demand],#4CAF50
大坝与水下探测,[MidIndustry],#FF9800,产生需求,混凝土数字化管理需求,[Demand],#4CAF50
大坝与水下探测,[MidIndustry],#FF9800,产生需求,水下环保裂岩需求,[Demand],#4CAF50
大坝与水下探测,[MidIndustry],#FF9800,产生需求,高陡边坡爆破安全需求,[Demand],#4CAF50
大坝与水下探测,[MidIndustry],#FF9800,产生需求,工程固废资源化需求,[Demand],#4CAF50
大坝与水下探测,[MidIndustry],#FF9800,产生需求,通航智能调度需求,[Demand],#4CAF50
大坝与水下探测,[MidIndustry],#FF9800,产生需求,船舶智能助航需求,[Demand],#4CAF50
大坝与水下探测,[MidIndustry],#FF9800,产生需求,船舶高效过闸需求,[Demand],#4CAF50
大坝与水下探测,[MidIndustry],#FF9800,产生需求,船闸设备故障预警需求,[Demand],#4CAF50
大坝与水下探测,[MidIndustry],#FF9800,产生需求,分布式智能管控需求,[Demand],#4CAF50
大坝与水下探测,[MidIndustry],#FF9800,产生需求,动力系统智能监控需求,[Demand],#4CAF50
大坝与水下探测,[MidIndustry],#FF9800,产生需求,智能机器人作业需求,[Demand],#4CAF50
大坝与水下探测,[MidIndustry],#FF9800,产生需求,高精度光纤授时需求,[Demand],#4CAF50
大坝与水下探测,[MidIndustry],#FF9800,产生需求,大坝三维水下探测需求,[Demand],#4CAF50
大坝与水下探测,[MidIndustry],#FF9800,产生需求,船舶吃水自动检测需求,[Demand],#4CAF50
船舶吃水管控,[MidIndustry],#FF9800,产生需求,智能疏浚决策需求,[Demand],#4CAF50
船舶吃水管控,[MidIndustry],#FF9800,产生需求,水面清漂监测需求,[Demand],#4CAF50
船舶吃水管控,[MidIndustry],#FF9800,产生需求,港口一体化管控需求,[Demand],#4CAF50
船舶吃水管控,[MidIndustry],#FF9800,产生需求,船组水动力预报需求,[Demand],#4CAF50
船舶吃水管控,[MidIndustry],#FF9800,产生需求,生态过鱼仿真需求,[Demand],#4CAF50
船舶吃水管控,[MidIndustry],#FF9800,产生需求,标准船型研发需求,[Demand],#4CAF50
船舶吃水管控,[MidIndustry],#FF9800,产生需求,船舶智能航行控制需求,[Demand],#4CAF50
船舶吃水管控,[MidIndustry],#FF9800,产生需求,钾离子固态电池储能需求,[Demand],#4CAF50
船舶吃水管控,[MidIndustry],#FF9800,产生需求,风光波浪互补供电需求,[Demand],#4CAF50
船舶吃水管控,[MidIndustry],#FF9800,产生需求,水风光氢零碳微电网需求,[Demand],#4CAF50
船舶吃水管控,[MidIndustry],#FF9800,产生需求,船舶航道智慧消防需求,[Demand],#4CAF50
船舶吃水管控,[MidIndustry],#FF9800,产生需求,大坝结构安全诊断需求,[Demand],#4CAF50
船舶吃水管控,[MidIndustry],#FF9800,产生需求,大坝渗流隐蔽病害探测需求,[Demand],#4CAF50
船舶吃水管控,[MidIndustry],#FF9800,产生需求,枢纽施工断航风险评估需求,[Demand],#4CAF50
船舶吃水管控,[MidIndustry],#FF9800,产生需求,大体积混凝土控裂需求,[Demand],#4CAF50
船舶吃水管控,[MidIndustry],#FF9800,产生需求,枢纽混凝土制备需求,[Demand],#4CAF50
船舶吃水管控,[MidIndustry],#FF9800,产生需求,混凝土自耐久需求,[Demand],#4CAF50
船舶吃水管控,[MidIndustry],#FF9800,产生需求,混凝土数字化管理需求,[Demand],#4CAF50
船舶吃水管控,[MidIndustry],#FF9800,产生需求,水下环保裂岩需求,[Demand],#4CAF50
船舶吃水管控,[MidIndustry],#FF9800,产生需求,高陡边坡爆破安全需求,[Demand],#4CAF50
船舶吃水管控,[MidIndustry],#FF9800,产生需求,工程固废资源化需求,[Demand],#4CAF50
船舶吃水管控,[MidIndustry],#FF9800,产生需求,通航智能调度需求,[Demand],#4CAF50
船舶吃水管控,[MidIndustry],#FF9800,产生需求,船舶智能助航需求,[Demand],#4CAF50
船舶吃水管控,[MidIndustry],#FF9800,产生需求,船舶高效过闸需求,[Demand],#4CAF50
船舶吃水管控,[MidIndustry],#FF9800,产生需求,船闸设备故障预警需求,[Demand],#4CAF50
船舶吃水管控,[MidIndustry],#FF9800,产生需求,分布式智能管控需求,[Demand],#4CAF50
船舶吃水管控,[MidIndustry],#FF9800,产生需求,动力系统智能监控需求,[Demand],#4CAF50
船舶吃水管控,[MidIndustry],#FF9800,产生需求,智能机器人作业需求,[Demand],#4CAF50
船舶吃水管控,[MidIndustry],#FF9800,产生需求,高精度光纤授时需求,[Demand],#4CAF50
船舶吃水管控,[MidIndustry],#FF9800,产生需求,大坝三维水下探测需求,[Demand],#4CAF50
船舶吃水管控,[MidIndustry],#FF9800,产生需求,船舶吃水自动检测需求,[Demand],#4CAF50
智能疏浚与清漂,[MidIndustry],#FF9800,产生需求,智能疏浚决策需求,[Demand],#4CAF50
智能疏浚与清漂,[MidIndustry],#FF9800,产生需求,水面清漂监测需求,[Demand],#4CAF50
智能疏浚与清漂,[MidIndustry],#FF9800,产生需求,港口一体化管控需求,[Demand],#4CAF50
智能疏浚与清漂,[MidIndustry],#FF9800,产生需求,船组水动力预报需求,[Demand],#4CAF50
智能疏浚与清漂,[MidIndustry],#FF9800,产生需求,生态过鱼仿真需求,[Demand],#4CAF50
智能疏浚与清漂,[MidIndustry],#FF9800,产生需求,标准船型研发需求,[Demand],#4CAF50
智能疏浚与清漂,[MidIndustry],#FF9800,产生需求,船舶智能航行控制需求,[Demand],#4CAF50
智能疏浚与清漂,[MidIndustry],#FF9800,产生需求,钾离子固态电池储能需求,[Demand],#4CAF50
智能疏浚与清漂,[MidIndustry],#FF9800,产生需求,风光波浪互补供电需求,[Demand],#4CAF50
智能疏浚与清漂,[MidIndustry],#FF9800,产生需求,水风光氢零碳微电网需求,[Demand],#4CAF50
智能疏浚与清漂,[MidIndustry],#FF9800,产生需求,船舶航道智慧消防需求,[Demand],#4CAF50
智能疏浚与清漂,[MidIndustry],#FF9800,产生需求,大坝结构安全诊断需求,[Demand],#4CAF50
智能疏浚与清漂,[MidIndustry],#FF9800,产生需求,大坝渗流隐蔽病害探测需求,[Demand],#4CAF50
智能疏浚与清漂,[MidIndustry],#FF9800,产生需求,枢纽施工断航风险评估需求,[Demand],#4CAF50
智能疏浚与清漂,[MidIndustry],#FF9800,产生需求,大体积混凝土控裂需求,[Demand],#4CAF50
智能疏浚与清漂,[MidIndustry],#FF9800,产生需求,枢纽混凝土制备需求,[Demand],#4CAF50
智能疏浚与清漂,[MidIndustry],#FF9800,产生需求,混凝土自耐久需求,[Demand],#4CAF50
智能疏浚与清漂,[MidIndustry],#FF9800,产生需求,混凝土数字化管理需求,[Demand],#4CAF50
智能疏浚与清漂,[MidIndustry],#FF9800,产生需求,水下环保裂岩需求,[Demand],#4CAF50
智能疏浚与清漂,[MidIndustry],#FF9800,产生需求,高陡边坡爆破安全需求,[Demand],#4CAF50
智能疏浚与清漂,[MidIndustry],#FF9800,产生需求,工程固废资源化需求,[Demand],#4CAF50
智能疏浚与清漂,[MidIndustry],#FF9800,产生需求,通航智能调度需求,[Demand],#4CAF50
智能疏浚与清漂,[MidIndustry],#FF9800,产生需求,船舶智能助航需求,[Demand],#4CAF50
智能疏浚与清漂,[MidIndustry],#FF9800,产生需求,船舶高效过闸需求,[Demand],#4CAF50
智能疏浚与清漂,[MidIndustry],#FF9800,产生需求,船闸设备故障预警需求,[Demand],#4CAF50
智能疏浚与清漂,[MidIndustry],#FF9800,产生需求,分布式智能管控需求,[Demand],#4CAF50
智能疏浚与清漂,[MidIndustry],#FF9800,产生需求,动力系统智能监控需求,[Demand],#4CAF50
智能疏浚与清漂,[MidIndustry],#FF9800,产生需求,智能机器人作业需求,[Demand],#4CAF50
智能疏浚与清漂,[MidIndustry],#FF9800,产生需求,高精度光纤授时需求,[Demand],#4CAF50
智能疏浚与清漂,[MidIndustry],#FF9800,产生需求,大坝三维水下探测需求,[Demand],#4CAF50
智能疏浚与清漂,[MidIndustry],#FF9800,产生需求,船舶吃水自动检测需求,[Demand],#4CAF50
港口一体化管控,[MidIndustry],#FF9800,产生需求,智能疏浚决策需求,[Demand],#4CAF50
港口一体化管控,[MidIndustry],#FF9800,产生需求,水面清漂监测需求,[Demand],#4CAF50
港口一体化管控,[MidIndustry],#FF9800,产生需求,港口一体化管控需求,[Demand],#4CAF50
港口一体化管控,[MidIndustry],#FF9800,产生需求,船组水动力预报需求,[Demand],#4CAF50
港口一体化管控,[MidIndustry],#FF9800,产生需求,生态过鱼仿真需求,[Demand],#4CAF50
港口一体化管控,[MidIndustry],#FF9800,产生需求,标准船型研发需求,[Demand],#4CAF50
港口一体化管控,[MidIndustry],#FF9800,产生需求,船舶智能航行控制需求,[Demand],#4CAF50
港口一体化管控,[MidIndustry],#FF9800,产生需求,钾离子固态电池储能需求,[Demand],#4CAF50
港口一体化管控,[MidIndustry],#FF9800,产生需求,风光波浪互补供电需求,[Demand],#4CAF50
港口一体化管控,[MidIndustry],#FF9800,产生需求,水风光氢零碳微电网需求,[Demand],#4CAF50
港口一体化管控,[MidIndustry],#FF9800,产生需求,船舶航道智慧消防需求,[Demand],#4CAF50
港口一体化管控,[MidIndustry],#FF9800,产生需求,大坝结构安全诊断需求,[Demand],#4CAF50
港口一体化管控,[MidIndustry],#FF9800,产生需求,大坝渗流隐蔽病害探测需求,[Demand],#4CAF50
港口一体化管控,[MidIndustry],#FF9800,产生需求,枢纽施工断航风险评估需求,[Demand],#4CAF50
港口一体化管控,[MidIndustry],#FF9800,产生需求,大体积混凝土控裂需求,[Demand],#4CAF50
港口一体化管控,[MidIndustry],#FF9800,产生需求,枢纽混凝土制备需求,[Demand],#4CAF50
港口一体化管控,[MidIndustry],#FF9800,产生需求,混凝土自耐久需求,[Demand],#4CAF50
港口一体化管控,[MidIndustry],#FF9800,产生需求,混凝土数字化管理需求,[Demand],#4CAF50
港口一体化管控,[MidIndustry],#FF9800,产生需求,水下环保裂岩需求,[Demand],#4CAF50
港口一体化管控,[MidIndustry],#FF9800,产生需求,高陡边坡爆破安全需求,[Demand],#4CAF50
港口一体化管控,[MidIndustry],#FF9800,产生需求,工程固废资源化需求,[Demand],#4CAF50
港口一体化管控,[MidIndustry],#FF9800,产生需求,通航智能调度需求,[Demand],#4CAF50
港口一体化管控,[MidIndustry],#FF9800,产生需求,船舶智能助航需求,[Demand],#4CAF50
港口一体化管控,[MidIndustry],#FF9800,产生需求,船舶高效过闸需求,[Demand],#4CAF50
港口一体化管控,[MidIndustry],#FF9800,产生需求,船闸设备故障预警需求,[Demand],#4CAF50
港口一体化管控,[MidIndustry],#FF9800,产生需求,分布式智能管控需求,[Demand],#4CAF50
港口一体化管控,[MidIndustry],#FF9800,产生需求,动力系统智能监控需求,[Demand],#4CAF50
港口一体化管控,[MidIndustry],#FF9800,产生需求,智能机器人作业需求,[Demand],#4CAF50
港口一体化管控,[MidIndustry],#FF9800,产生需求,高精度光纤授时需求,[Demand],#4CAF50
港口一体化管控,[MidIndustry],#FF9800,产生需求,大坝三维水下探测需求,[Demand],#4CAF50
港口一体化管控,[MidIndustry],#FF9800,产生需求,船舶吃水自动检测需求,[Demand],#4CAF50
船舶水动力安全,[MidIndustry],#FF9800,产生需求,智能疏浚决策需求,[Demand],#4CAF50
船舶水动力安全,[MidIndustry],#FF9800,产生需求,水面清漂监测需求,[Demand],#4CAF50
船舶水动力安全,[MidIndustry],#FF9800,产生需求,港口一体化管控需求,[Demand],#4CAF50
船舶水动力安全,[MidIndustry],#FF9800,产生需求,船组水动力预报需求,[Demand],#4CAF50
船舶水动力安全,[MidIndustry],#FF9800,产生需求,生态过鱼仿真需求,[Demand],#4CAF50
船舶水动力安全,[MidIndustry],#FF9800,产生需求,标准船型研发需求,[Demand],#4CAF50
船舶水动力安全,[MidIndustry],#FF9800,产生需求,船舶智能航行控制需求,[Demand],#4CAF50
船舶水动力安全,[MidIndustry],#FF9800,产生需求,钾离子固态电池储能需求,[Demand],#4CAF50
船舶水动力安全,[MidIndustry],#FF9800,产生需求,风光波浪互补供电需求,[Demand],#4CAF50
船舶水动力安全,[MidIndustry],#FF9800,产生需求,水风光氢零碳微电网需求,[Demand],#4CAF50
船舶水动力安全,[MidIndustry],#FF9800,产生需求,船舶航道智慧消防需求,[Demand],#4CAF50
船舶水动力安全,[MidIndustry],#FF9800,产生需求,大坝结构安全诊断需求,[Demand],#4CAF50
船舶水动力安全,[MidIndustry],#FF9800,产生需求,大坝渗流隐蔽病害探测需求,[Demand],#4CAF50
船舶水动力安全,[MidIndustry],#FF9800,产生需求,枢纽施工断航风险评估需求,[Demand],#4CAF50
船舶水动力安全,[MidIndustry],#FF9800,产生需求,大体积混凝土控裂需求,[Demand],#4CAF50
船舶水动力安全,[MidIndustry],#FF9800,产生需求,枢纽混凝土制备需求,[Demand],#4CAF50
船舶水动力安全,[MidIndustry],#FF9800,产生需求,混凝土自耐久需求,[Demand],#4CAF50
船舶水动力安全,[MidIndustry],#FF9800,产生需求,混凝土数字化管理需求,[Demand],#4CAF50
船舶水动力安全,[MidIndustry],#FF9800,产生需求,水下环保裂岩需求,[Demand],#4CAF50
船舶水动力安全,[MidIndustry],#FF9800,产生需求,高陡边坡爆破安全需求,[Demand],#4CAF50
船舶水动力安全,[MidIndustry],#FF9800,产生需求,工程固废资源化需求,[Demand],#4CAF50
船舶水动力安全,[MidIndustry],#FF9800,产生需求,通航智能调度需求,[Demand],#4CAF50
船舶水动力安全,[MidIndustry],#FF9800,产生需求,船舶智能助航需求,[Demand],#4CAF50
船舶水动力安全,[MidIndustry],#FF9800,产生需求,船舶高效过闸需求,[Demand],#4CAF50
船舶水动力安全,[MidIndustry],#FF9800,产生需求,船闸设备故障预警需求,[Demand],#4CAF50
船舶水动力安全,[MidIndustry],#FF9800,产生需求,分布式智能管控需求,[Demand],#4CAF50
船舶水动力安全,[MidIndustry],#FF9800,产生需求,动力系统智能监控需求,[Demand],#4CAF50
船舶水动力安全,[MidIndustry],#FF9800,产生需求,智能机器人作业需求,[Demand],#4CAF50
船舶水动力安全,[MidIndustry],#FF9800,产生需求,高精度光纤授时需求,[Demand],#4CAF50
船舶水动力安全,[MidIndustry],#FF9800,产生需求,大坝三维水下探测需求,[Demand],#4CAF50
船舶水动力安全,[MidIndustry],#FF9800,产生需求,船舶吃水自动检测需求,[Demand],#4CAF50
生态过鱼保护,[MidIndustry],#FF9800,产生需求,智能疏浚决策需求,[Demand],#4CAF50
生态过鱼保护,[MidIndustry],#FF9800,产生需求,水面清漂监测需求,[Demand],#4CAF50
生态过鱼保护,[MidIndustry],#FF9800,产生需求,港口一体化管控需求,[Demand],#4CAF50
生态过鱼保护,[MidIndustry],#FF9800,产生需求,船组水动力预报需求,[Demand],#4CAF50
生态过鱼保护,[MidIndustry],#FF9800,产生需求,生态过鱼仿真需求,[Demand],#4CAF50
生态过鱼保护,[MidIndustry],#FF9800,产生需求,标准船型研发需求,[Demand],#4CAF50
生态过鱼保护,[MidIndustry],#FF9800,产生需求,船舶智能航行控制需求,[Demand],#4CAF50
生态过鱼保护,[MidIndustry],#FF9800,产生需求,钾离子固态电池储能需求,[Demand],#4CAF50
生态过鱼保护,[MidIndustry],#FF9800,产生需求,风光波浪互补供电需求,[Demand],#4CAF50
生态过鱼保护,[MidIndustry],#FF9800,产生需求,水风光氢零碳微电网需求,[Demand],#4CAF50
生态过鱼保护,[MidIndustry],#FF9800,产生需求,船舶航道智慧消防需求,[Demand],#4CAF50
生态过鱼保护,[MidIndustry],#FF9800,产生需求,大坝结构安全诊断需求,[Demand],#4CAF50
生态过鱼保护,[MidIndustry],#FF9800,产生需求,大坝渗流隐蔽病害探测需求,[Demand],#4CAF50
生态过鱼保护,[MidIndustry],#FF9800,产生需求,枢纽施工断航风险评估需求,[Demand],#4CAF50
生态过鱼保护,[MidIndustry],#FF9800,产生需求,大体积混凝土控裂需求,[Demand],#4CAF50
生态过鱼保护,[MidIndustry],#FF9800,产生需求,枢纽混凝土制备需求,[Demand],#4CAF50
生态过鱼保护,[MidIndustry],#FF9800,产生需求,混凝土自耐久需求,[Demand],#4CAF50
生态过鱼保护,[MidIndustry],#FF9800,产生需求,混凝土数字化管理需求,[Demand],#4CAF50
生态过鱼保护,[MidIndustry],#FF9800,产生需求,水下环保裂岩需求,[Demand],#4CAF50
生态过鱼保护,[MidIndustry],#FF9800,产生需求,高陡边坡爆破安全需求,[Demand],#4CAF50
生态过鱼保护,[MidIndustry],#FF9800,产生需求,工程固废资源化需求,[Demand],#4CAF50
生态过鱼保护,[MidIndustry],#FF9800,产生需求,通航智能调度需求,[Demand],#4CAF50
生态过鱼保护,[MidIndustry],#FF9800,产生需求,船舶智能助航需求,[Demand],#4CAF50
生态过鱼保护,[MidIndustry],#FF9800,产生需求,船舶高效过闸需求,[Demand],#4CAF50
生态过鱼保护,[MidIndustry],#FF9800,产生需求,船闸设备故障预警需求,[Demand],#4CAF50
生态过鱼保护,[MidIndustry],#FF9800,产生需求,分布式智能管控需求,[Demand],#4CAF50
生态过鱼保护,[MidIndustry],#FF9800,产生需求,动力系统智能监控需求,[Demand],#4CAF50
生态过鱼保护,[MidIndustry],#FF9800,产生需求,智能机器人作业需求,[Demand],#4CAF50
生态过鱼保护,[MidIndustry],#FF9800,产生需求,高精度光纤授时需求,[Demand],#4CAF50
生态过鱼保护,[MidIndustry],#FF9800,产生需求,大坝三维水下探测需求,[Demand],#4CAF50
生态过鱼保护,[MidIndustry],#FF9800,产生需求,船舶吃水自动检测需求,[Demand],#4CAF50
标准船型研发,[MidIndustry],#FF9800,产生需求,智能疏浚决策需求,[Demand],#4CAF50
标准船型研发,[MidIndustry],#FF9800,产生需求,水面清漂监测需求,[Demand],#4CAF50
标准船型研发,[MidIndustry],#FF9800,产生需求,港口一体化管控需求,[Demand],#4CAF50
标准船型研发,[MidIndustry],#FF9800,产生需求,船组水动力预报需求,[Demand],#4CAF50
标准船型研发,[MidIndustry],#FF9800,产生需求,生态过鱼仿真需求,[Demand],#4CAF50
标准船型研发,[MidIndustry],#FF9800,产生需求,标准船型研发需求,[Demand],#4CAF50
标准船型研发,[MidIndustry],#FF9800,产生需求,船舶智能航行控制需求,[Demand],#4CAF50
标准船型研发,[MidIndustry],#FF9800,产生需求,钾离子固态电池储能需求,[Demand],#4CAF50
标准船型研发,[MidIndustry],#FF9800,产生需求,风光波浪互补供电需求,[Demand],#4CAF50
标准船型研发,[MidIndustry],#FF9800,产生需求,水风光氢零碳微电网需求,[Demand],#4CAF50
标准船型研发,[MidIndustry],#FF9800,产生需求,船舶航道智慧消防需求,[Demand],#4CAF50
标准船型研发,[MidIndustry],#FF9800,产生需求,大坝结构安全诊断需求,[Demand],#4CAF50
标准船型研发,[MidIndustry],#FF9800,产生需求,大坝渗流隐蔽病害探测需求,[Demand],#4CAF50
标准船型研发,[MidIndustry],#FF9800,产生需求,枢纽施工断航风险评估需求,[Demand],#4CAF50
标准船型研发,[MidIndustry],#FF9800,产生需求,大体积混凝土控裂需求,[Demand],#4CAF50
标准船型研发,[MidIndustry],#FF9800,产生需求,枢纽混凝土制备需求,[Demand],#4CAF50
标准船型研发,[MidIndustry],#FF9800,产生需求,混凝土自耐久需求,[Demand],#4CAF50
标准船型研发,[MidIndustry],#FF9800,产生需求,混凝土数字化管理需求,[Demand],#4CAF50
标准船型研发,[MidIndustry],#FF9800,产生需求,水下环保裂岩需求,[Demand],#4CAF50
标准船型研发,[MidIndustry],#FF9800,产生需求,高陡边坡爆破安全需求,[Demand],#4CAF50
标准船型研发,[MidIndustry],#FF9800,产生需求,工程固废资源化需求,[Demand],#4CAF50
标准船型研发,[MidIndustry],#FF9800,产生需求,通航智能调度需求,[Demand],#4CAF50
标准船型研发,[MidIndustry],#FF9800,产生需求,船舶智能助航需求,[Demand],#4CAF50
标准船型研发,[MidIndustry],#FF9800,产生需求,船舶高效过闸需求,[Demand],#4CAF50
标准船型研发,[MidIndustry],#FF9800,产生需求,船闸设备故障预警需求,[Demand],#4CAF50
标准船型研发,[MidIndustry],#FF9800,产生需求,分布式智能管控需求,[Demand],#4CAF50
标准船型研发,[MidIndustry],#FF9800,产生需求,动力系统智能监控需求,[Demand],#4CAF50
标准船型研发,[MidIndustry],#FF9800,产生需求,智能机器人作业需求,[Demand],#4CAF50
标准船型研发,[MidIndustry],#FF9800,产生需求,高精度光纤授时需求,[Demand],#4CAF50
标准船型研发,[MidIndustry],#FF9800,产生需求,大坝三维水下探测需求,[Demand],#4CAF50
标准船型研发,[MidIndustry],#FF9800,产生需求,船舶吃水自动检测需求,[Demand],#4CAF50
绿色能源供电,[DownIndustry],#8BC34A,产生需求,智能疏浚决策需求,[Demand],#4CAF50
绿色能源供电,[DownIndustry],#8BC34A,产生需求,水面清漂监测需求,[Demand],#4CAF50
绿色能源供电,[DownIndustry],#8BC34A,产生需求,港口一体化管控需求,[Demand],#4CAF50
绿色能源供电,[DownIndustry],#8BC34A,产生需求,船组水动力预报需求,[Demand],#4CAF50
绿色能源供电,[DownIndustry],#8BC34A,产生需求,生态过鱼仿真需求,[Demand],#4CAF50
绿色能源供电,[DownIndustry],#8BC34A,产生需求,标准船型研发需求,[Demand],#4CAF50
绿色能源供电,[DownIndustry],#8BC34A,产生需求,船舶智能航行控制需求,[Demand],#4CAF50
绿色能源供电,[DownIndustry],#8BC34A,产生需求,钾离子固态电池储能需求,[Demand],#4CAF50
绿色能源供电,[DownIndustry],#8BC34A,产生需求,风光波浪互补供电需求,[Demand],#4CAF50
绿色能源供电,[DownIndustry],#8BC34A,产生需求,水风光氢零碳微电网需求,[Demand],#4CAF50
绿色能源供电,[DownIndustry],#8BC34A,产生需求,船舶航道智慧消防需求,[Demand],#4CAF50
绿色能源供电,[DownIndustry],#8BC34A,产生需求,大坝结构安全诊断需求,[Demand],#4CAF50
绿色能源供电,[DownIndustry],#8BC34A,产生需求,大坝渗流隐蔽病害探测需求,[Demand],#4CAF50
绿色能源供电,[DownIndustry],#8BC34A,产生需求,枢纽施工断航风险评估需求,[Demand],#4CAF50
绿色能源供电,[DownIndustry],#8BC34A,产生需求,大体积混凝土控裂需求,[Demand],#4CAF50
绿色能源供电,[DownIndustry],#8BC34A,产生需求,枢纽混凝土制备需求,[Demand],#4CAF50
绿色能源供电,[DownIndustry],#8BC34A,产生需求,混凝土自耐久需求,[Demand],#4CAF50
绿色能源供电,[DownIndustry],#8BC34A,产生需求,混凝土数字化管理需求,[Demand],#4CAF50
绿色能源供电,[DownIndustry],#8BC34A,产生需求,水下环保裂岩需求,[Demand],#4CAF50
绿色能源供电,[DownIndustry],#8BC34A,产生需求,高陡边坡爆破安全需求,[Demand],#4CAF50
绿色能源供电,[DownIndustry],#8BC34A,产生需求,工程固废资源化需求,[Demand],#4CAF50
绿色能源供电,[DownIndustry],#8BC34A,产生需求,通航智能调度需求,[Demand],#4CAF50
绿色能源供电,[DownIndustry],#8BC34A,产生需求,船舶智能助航需求,[Demand],#4CAF50
绿色能源供电,[DownIndustry],#8BC34A,产生需求,船舶高效过闸需求,[Demand],#4CAF50
绿色能源供电,[DownIndustry],#8BC34A,产生需求,船闸设备故障预警需求,[Demand],#4CAF50
绿色能源供电,[DownIndustry],#8BC34A,产生需求,分布式智能管控需求,[Demand],#4CAF50
绿色能源供电,[DownIndustry],#8BC34A,产生需求,动力系统智能监控需求,[Demand],#4CAF50
绿色能源供电,[DownIndustry],#8BC34A,产生需求,智能机器人作业需求,[Demand],#4CAF50
绿色能源供电,[DownIndustry],#8BC34A,产生需求,高精度光纤授时需求,[Demand],#4CAF50
绿色能源供电,[DownIndustry],#8BC34A,产生需求,大坝三维水下探测需求,[Demand],#4CAF50
绿色能源供电,[DownIndustry],#8BC34A,产生需求,船舶吃水自动检测需求,[Demand],#4CAF50
消防与应急安全,[DownIndustry],#8BC34A,产生需求,智能疏浚决策需求,[Demand],#4CAF50
消防与应急安全,[DownIndustry],#8BC34A,产生需求,水面清漂监测需求,[Demand],#4CAF50
消防与应急安全,[DownIndustry],#8BC34A,产生需求,港口一体化管控需求,[Demand],#4CAF50
消防与应急安全,[DownIndustry],#8BC34A,产生需求,船组水动力预报需求,[Demand],#4CAF50
消防与应急安全,[DownIndustry],#8BC34A,产生需求,生态过鱼仿真需求,[Demand],#4CAF50
消防与应急安全,[DownIndustry],#8BC34A,产生需求,标准船型研发需求,[Demand],#4CAF50
消防与应急安全,[DownIndustry],#8BC34A,产生需求,船舶智能航行控制需求,[Demand],#4CAF50
消防与应急安全,[DownIndustry],#8BC34A,产生需求,钾离子固态电池储能需求,[Demand],#4CAF50
消防与应急安全,[DownIndustry],#8BC34A,产生需求,风光波浪互补供电需求,[Demand],#4CAF50
消防与应急安全,[DownIndustry],#8BC34A,产生需求,水风光氢零碳微电网需求,[Demand],#4CAF50
消防与应急安全,[DownIndustry],#8BC34A,产生需求,船舶航道智慧消防需求,[Demand],#4CAF50
消防与应急安全,[DownIndustry],#8BC34A,产生需求,大坝结构安全诊断需求,[Demand],#4CAF50
消防与应急安全,[DownIndustry],#8BC34A,产生需求,大坝渗流隐蔽病害探测需求,[Demand],#4CAF50
消防与应急安全,[DownIndustry],#8BC34A,产生需求,枢纽施工断航风险评估需求,[Demand],#4CAF50
消防与应急安全,[DownIndustry],#8BC34A,产生需求,大体积混凝土控裂需求,[Demand],#4CAF50
消防与应急安全,[DownIndustry],#8BC34A,产生需求,枢纽混凝土制备需求,[Demand],#4CAF50
消防与应急安全,[DownIndustry],#8BC34A,产生需求,混凝土自耐久需求,[Demand],#4CAF50
消防与应急安全,[DownIndustry],#8BC34A,产生需求,混凝土数字化管理需求,[Demand],#4CAF50
消防与应急安全,[DownIndustry],#8BC34A,产生需求,水下环保裂岩需求,[Demand],#4CAF50
消防与应急安全,[DownIndustry],#8BC34A,产生需求,高陡边坡爆破安全需求,[Demand],#4CAF50
消防与应急安全,[DownIndustry],#8BC34A,产生需求,工程固废资源化需求,[Demand],#4CAF50
消防与应急安全,[DownIndustry],#8BC34A,产生需求,通航智能调度需求,[Demand],#4CAF50
消防与应急安全,[DownIndustry],#8BC34A,产生需求,船舶智能助航需求,[Demand],#4CAF50
消防与应急安全,[DownIndustry],#8BC34A,产生需求,船舶高效过闸需求,[Demand],#4CAF50
消防与应急安全,[DownIndustry],#8BC34A,产生需求,船闸设备故障预警需求,[Demand],#4CAF50
消防与应急安全,[DownIndustry],#8BC34A,产生需求,分布式智能管控需求,[Demand],#4CAF50
消防与应急安全,[DownIndustry],#8BC34A,产生需求,动力系统智能监控需求,[Demand],#4CAF50
消防与应急安全,[DownIndustry],#8BC34A,产生需求,智能机器人作业需求,[Demand],#4CAF50
消防与应急安全,[DownIndustry],#8BC34A,产生需求,高精度光纤授时需求,[Demand],#4CAF50
消防与应急安全,[DownIndustry],#8BC34A,产生需求,大坝三维水下探测需求,[Demand],#4CAF50
消防与应急安全,[DownIndustry],#8BC34A,产生需求,船舶吃水自动检测需求,[Demand],#4CAF50
结构健康监测,[DownIndustry],#8BC34A,产生需求,智能疏浚决策需求,[Demand],#4CAF50
结构健康监测,[DownIndustry],#8BC34A,产生需求,水面清漂监测需求,[Demand],#4CAF50
结构健康监测,[DownIndustry],#8BC34A,产生需求,港口一体化管控需求,[Demand],#4CAF50
结构健康监测,[DownIndustry],#8BC34A,产生需求,船组水动力预报需求,[Demand],#4CAF50
结构健康监测,[DownIndustry],#8BC34A,产生需求,生态过鱼仿真需求,[Demand],#4CAF50
结构健康监测,[DownIndustry],#8BC34A,产生需求,标准船型研发需求,[Demand],#4CAF50
结构健康监测,[DownIndustry],#8BC34A,产生需求,船舶智能航行控制需求,[Demand],#4CAF50
结构健康监测,[DownIndustry],#8BC34A,产生需求,钾离子固态电池储能需求,[Demand],#4CAF50
结构健康监测,[DownIndustry],#8BC34A,产生需求,风光波浪互补供电需求,[Demand],#4CAF50
结构健康监测,[DownIndustry],#8BC34A,产生需求,水风光氢零碳微电网需求,[Demand],#4CAF50
结构健康监测,[DownIndustry],#8BC34A,产生需求,船舶航道智慧消防需求,[Demand],#4CAF50
结构健康监测,[DownIndustry],#8BC34A,产生需求,大坝结构安全诊断需求,[Demand],#4CAF50
结构健康监测,[DownIndustry],#8BC34A,产生需求,大坝渗流隐蔽病害探测需求,[Demand],#4CAF50
结构健康监测,[DownIndustry],#8BC34A,产生需求,枢纽施工断航风险评估需求,[Demand],#4CAF50
结构健康监测,[DownIndustry],#8BC34A,产生需求,大体积混凝土控裂需求,[Demand],#4CAF50
结构健康监测,[DownIndustry],#8BC34A,产生需求,枢纽混凝土制备需求,[Demand],#4CAF50
结构健康监测,[DownIndustry],#8BC34A,产生需求,混凝土自耐久需求,[Demand],#4CAF50
结构健康监测,[DownIndustry],#8BC34A,产生需求,混凝土数字化管理需求,[Demand],#4CAF50
结构健康监测,[DownIndustry],#8BC34A,产生需求,水下环保裂岩需求,[Demand],#4CAF50
结构健康监测,[DownIndustry],#8BC34A,产生需求,高陡边坡爆破安全需求,[Demand],#4CAF50
结构健康监测,[DownIndustry],#8BC34A,产生需求,工程固废资源化需求,[Demand],#4CAF50
结构健康监测,[DownIndustry],#8BC34A,产生需求,通航智能调度需求,[Demand],#4CAF50
结构健康监测,[DownIndustry],#8BC34A,产生需求,船舶智能助航需求,[Demand],#4CAF50
结构健康监测,[DownIndustry],#8BC34A,产生需求,船舶高效过闸需求,[Demand],#4CAF50
结构健康监测,[DownIndustry],#8BC34A,产生需求,船闸设备故障预警需求,[Demand],#4CAF50
结构健康监测,[DownIndustry],#8BC34A,产生需求,分布式智能管控需求,[Demand],#4CAF50
结构健康监测,[DownIndustry],#8BC34A,产生需求,动力系统智能监控需求,[Demand],#4CAF50
结构健康监测,[DownIndustry],#8BC34A,产生需求,智能机器人作业需求,[Demand],#4CAF50
结构健康监测,[DownIndustry],#8BC34A,产生需求,高精度光纤授时需求,[Demand],#4CAF50
结构健康监测,[DownIndustry],#8BC34A,产生需求,大坝三维水下探测需求,[Demand],#4CAF50
结构健康监测,[DownIndustry],#8BC34A,产生需求,船舶吃水自动检测需求,[Demand],#4CAF50
渗流与病害检测,[DownIndustry],#8BC34A,产生需求,智能疏浚决策需求,[Demand],#4CAF50
渗流与病害检测,[DownIndustry],#8BC34A,产生需求,水面清漂监测需求,[Demand],#4CAF50
渗流与病害检测,[DownIndustry],#8BC34A,产生需求,港口一体化管控需求,[Demand],#4CAF50
渗流与病害检测,[DownIndustry],#8BC34A,产生需求,船组水动力预报需求,[Demand],#4CAF50
渗流与病害检测,[DownIndustry],#8BC34A,产生需求,生态过鱼仿真需求,[Demand],#4CAF50
渗流与病害检测,[DownIndustry],#8BC34A,产生需求,标准船型研发需求,[Demand],#4CAF50
渗流与病害检测,[DownIndustry],#8BC34A,产生需求,船舶智能航行控制需求,[Demand],#4CAF50
渗流与病害检测,[DownIndustry],#8BC34A,产生需求,钾离子固态电池储能需求,[Demand],#4CAF50
渗流与病害检测,[DownIndustry],#8BC34A,产生需求,风光波浪互补供电需求,[Demand],#4CAF50
渗流与病害检测,[DownIndustry],#8BC34A,产生需求,水风光氢零碳微电网需求,[Demand],#4CAF50
渗流与病害检测,[DownIndustry],#8BC34A,产生需求,船舶航道智慧消防需求,[Demand],#4CAF50
渗流与病害检测,[DownIndustry],#8BC34A,产生需求,大坝结构安全诊断需求,[Demand],#4CAF50
渗流与病害检测,[DownIndustry],#8BC34A,产生需求,大坝渗流隐蔽病害探测需求,[Demand],#4CAF50
渗流与病害检测,[DownIndustry],#8BC34A,产生需求,枢纽施工断航风险评估需求,[Demand],#4CAF50
渗流与病害检测,[DownIndustry],#8BC34A,产生需求,大体积混凝土控裂需求,[Demand],#4CAF50
渗流与病害检测,[DownIndustry],#8BC34A,产生需求,枢纽混凝土制备需求,[Demand],#4CAF50
渗流与病害检测,[DownIndustry],#8BC34A,产生需求,混凝土自耐久需求,[Demand],#4CAF50
渗流与病害检测,[DownIndustry],#8BC34A,产生需求,混凝土数字化管理需求,[Demand],#4CAF50
渗流与病害检测,[DownIndustry],#8BC34A,产生需求,水下环保裂岩需求,[Demand],#4CAF50
渗流与病害检测,[DownIndustry],#8BC34A,产生需求,高陡边坡爆破安全需求,[Demand],#4CAF50
渗流与病害检测,[DownIndustry],#8BC34A,产生需求,工程固废资源化需求,[Demand],#4CAF50
渗流与病害检测,[DownIndustry],#8BC34A,产生需求,通航智能调度需求,[Demand],#4CAF50
渗流与病害检测,[DownIndustry],#8BC34A,产生需求,船舶智能助航需求,[Demand],#4CAF50
渗流与病害检测,[DownIndustry],#8BC34A,产生需求,船舶高效过闸需求,[Demand],#4CAF50
渗流与病害检测,[DownIndustry],#8BC34A,产生需求,船闸设备故障预警需求,[Demand],#4CAF50
渗流与病害检测,[DownIndustry],#8BC34A,产生需求,分布式智能管控需求,[Demand],#4CAF50
渗流与病害检测,[DownIndustry],#8BC34A,产生需求,动力系统智能监控需求,[Demand],#4CAF50
渗流与病害检测,[DownIndustry],#8BC34A,产生需求,智能机器人作业需求,[Demand],#4CAF50
渗流与病害检测,[DownIndustry],#8BC34A,产生需求,高精度光纤授时需求,[Demand],#4CAF50
渗流与病害检测,[DownIndustry],#8BC34A,产生需求,大坝三维水下探测需求,[Demand],#4CAF50
渗流与病害检测,[DownIndustry],#8BC34A,产生需求,船舶吃水自动检测需求,[Demand],#4CAF50
断航风险评估,[DownIndustry],#8BC34A,产生需求,智能疏浚决策需求,[Demand],#4CAF50
断航风险评估,[DownIndustry],#8BC34A,产生需求,水面清漂监测需求,[Demand],#4CAF50
断航风险评估,[DownIndustry],#8BC34A,产生需求,港口一体化管控需求,[Demand],#4CAF50
断航风险评估,[DownIndustry],#8BC34A,产生需求,船组水动力预报需求,[Demand],#4CAF50
断航风险评估,[DownIndustry],#8BC34A,产生需求,生态过鱼仿真需求,[Demand],#4CAF50
断航风险评估,[DownIndustry],#8BC34A,产生需求,标准船型研发需求,[Demand],#4CAF50
断航风险评估,[DownIndustry],#8BC34A,产生需求,船舶智能航行控制需求,[Demand],#4CAF50
断航风险评估,[DownIndustry],#8BC34A,产生需求,钾离子固态电池储能需求,[Demand],#4CAF50
断航风险评估,[DownIndustry],#8BC34A,产生需求,风光波浪互补供电需求,[Demand],#4CAF50
断航风险评估,[DownIndustry],#8BC34A,产生需求,水风光氢零碳微电网需求,[Demand],#4CAF50
断航风险评估,[DownIndustry],#8BC34A,产生需求,船舶航道智慧消防需求,[Demand],#4CAF50
断航风险评估,[DownIndustry],#8BC34A,产生需求,大坝结构安全诊断需求,[Demand],#4CAF50
断航风险评估,[DownIndustry],#8BC34A,产生需求,大坝渗流隐蔽病害探测需求,[Demand],#4CAF50
断航风险评估,[DownIndustry],#8BC34A,产生需求,枢纽施工断航风险评估需求,[Demand],#4CAF50
断航风险评估,[DownIndustry],#8BC34A,产生需求,大体积混凝土控裂需求,[Demand],#4CAF50
断航风险评估,[DownIndustry],#8BC34A,产生需求,枢纽混凝土制备需求,[Demand],#4CAF50
断航风险评估,[DownIndustry],#8BC34A,产生需求,混凝土自耐久需求,[Demand],#4CAF50
断航风险评估,[DownIndustry],#8BC34A,产生需求,混凝土数字化管理需求,[Demand],#4CAF50
断航风险评估,[DownIndustry],#8BC34A,产生需求,水下环保裂岩需求,[Demand],#4CAF50
断航风险评估,[DownIndustry],#8BC34A,产生需求,高陡边坡爆破安全需求,[Demand],#4CAF50
断航风险评估,[DownIndustry],#8BC34A,产生需求,工程固废资源化需求,[Demand],#4CAF50
断航风险评估,[DownIndustry],#8BC34A,产生需求,通航智能调度需求,[Demand],#4CAF50
断航风险评估,[DownIndustry],#8BC34A,产生需求,船舶智能助航需求,[Demand],#4CAF50
断航风险评估,[DownIndustry],#8BC34A,产生需求,船舶高效过闸需求,[Demand],#4CAF50
断航风险评估,[DownIndustry],#8BC34A,产生需求,船闸设备故障预警需求,[Demand],#4CAF50
断航风险评估,[DownIndustry],#8BC34A,产生需求,分布式智能管控需求,[Demand],#4CAF50
断航风险评估,[DownIndustry],#8BC34A,产生需求,动力系统智能监控需求,[Demand],#4CAF50
断航风险评估,[DownIndustry],#8BC34A,产生需求,智能机器人作业需求,[Demand],#4CAF50
断航风险评估,[DownIndustry],#8BC34A,产生需求,高精度光纤授时需求,[Demand],#4CAF50
断航风险评估,[DownIndustry],#8BC34A,产生需求,大坝三维水下探测需求,[Demand],#4CAF50
断航风险评估,[DownIndustry],#8BC34A,产生需求,船舶吃水自动检测需求,[Demand],#4CAF50
智能疏浚决策需求,[Demand],#4CAF50,满足于,大体积混凝土控裂成套技术,[TechMaterial],#9C27B0
智能疏浚决策需求,[Demand],#4CAF50,满足于,枢纽混凝土制备关键技术,[TechMaterial],#9C27B0
智能疏浚决策需求,[Demand],#4CAF50,满足于,混凝土自清洁纳米涂层技术,[TechMaterial],#9C27B0
智能疏浚决策需求,[Demand],#4CAF50,满足于,数字骨料全生命周期技术,[TechMaterial],#9C27B0
智能疏浚决策需求,[Demand],#4CAF50,满足于,超高频水下环保裂岩技术,[TechMaterial],#9C27B0
智能疏浚决策需求,[Demand],#4CAF50,满足于,高陡边坡控制爆破技术,[TechMaterial],#9C27B0
智能疏浚决策需求,[Demand],#4CAF50,满足于,工程固废就地资源化技术,[TechMaterial],#9C27B0
智能疏浚决策需求,[Demand],#4CAF50,满足于,通航枢纽数字孪生调度技术,[TechMonitor],#E91E63
智能疏浚决策需求,[Demand],#4CAF50,满足于,船闸智能协同助航系统,[TechMonitor],#E91E63
智能疏浚决策需求,[Demand],#4CAF50,满足于,绿色高效船舶过闸技术,[TechMonitor],#E91E63
智能疏浚决策需求,[Demand],#4CAF50,满足于,船闸设备故障预警诊断系统,[TechMonitor],#E91E63
智能疏浚决策需求,[Demand],#4CAF50,满足于,高安全分布式智能管控系统,[TechMonitor],#E91E63
智能疏浚决策需求,[Demand],#4CAF50,满足于,动力系统智能监测控制技术,[TechMonitor],#E91E63
智能疏浚决策需求,[Demand],#4CAF50,满足于,智能工程机器人作业技术,[TechMonitor],#E91E63
智能疏浚决策需求,[Demand],#4CAF50,满足于,峡谷高精度光纤授时系统,[TechMonitor],#E91E63
智能疏浚决策需求,[Demand],#4CAF50,满足于,大坝水下三维数字化探测技术,[TechMonitor],#E91E63
智能疏浚决策需求,[Demand],#4CAF50,满足于,船舶过闸吃水自动检测技术,[TechMonitor],#E91E63
智能疏浚决策需求,[Demand],#4CAF50,满足于,智能疏浚决策支持系统,[TechMonitor],#E91E63
智能疏浚决策需求,[Demand],#4CAF50,满足于,水面漂浮物监测治理技术,[TechMonitor],#E91E63
智能疏浚决策需求,[Demand],#4CAF50,满足于,港口一体化智能管控系统,[TechMonitor],#E91E63
智能疏浚决策需求,[Demand],#4CAF50,满足于,受限域船组水动力预报系统,[TechShip],#00BCD4
智能疏浚决策需求,[Demand],#4CAF50,满足于,生态过鱼水生生物运动仿真技术,[TechShip],#00BCD4
智能疏浚决策需求,[Demand],#4CAF50,满足于,三峡新通道标准船型研发平台,[TechShip],#00BCD4
智能疏浚决策需求,[Demand],#4CAF50,满足于,船舶自主智能运动控制系统,[TechShip],#00BCD4
智能疏浚决策需求,[Demand],#4CAF50,满足于,钾离子固态电池储能技术,[TechEnergy],#2196F3
智能疏浚决策需求,[Demand],#4CAF50,满足于,光-浪-储自洽能源供电系统,[TechEnergy],#2196F3
智能疏浚决策需求,[Demand],#4CAF50,满足于,水风光氢零碳航道微电网,[TechEnergy],#2196F3
智能疏浚决策需求,[Demand],#4CAF50,满足于,船舶航道智慧消防防控技术,[TechSafety],#F44336
智能疏浚决策需求,[Demand],#4CAF50,满足于,大坝结构健康安全诊断技术,[TechSafety],#F44336
智能疏浚决策需求,[Demand],#4CAF50,满足于,大坝渗流隐蔽病害探测技术,[TechSafety],#F44336
智能疏浚决策需求,[Demand],#4CAF50,满足于,枢纽施工断航风险评估技术,[TechSafety],#F44336
水面清漂监测需求,[Demand],#4CAF50,满足于,大体积混凝土控裂成套技术,[TechMaterial],#9C27B0
水面清漂监测需求,[Demand],#4CAF50,满足于,枢纽混凝土制备关键技术,[TechMaterial],#9C27B0
水面清漂监测需求,[Demand],#4CAF50,满足于,混凝土自清洁纳米涂层技术,[TechMaterial],#9C27B0
水面清漂监测需求,[Demand],#4CAF50,满足于,数字骨料全生命周期技术,[TechMaterial],#9C27B0
水面清漂监测需求,[Demand],#4CAF50,满足于,超高频水下环保裂岩技术,[TechMaterial],#9C27B0
水面清漂监测需求,[Demand],#4CAF50,满足于,高陡边坡控制爆破技术,[TechMaterial],#9C27B0
水面清漂监测需求,[Demand],#4CAF50,满足于,工程固废就地资源化技术,[TechMaterial],#9C27B0
水面清漂监测需求,[Demand],#4CAF50,满足于,通航枢纽数字孪生调度技术,[TechMonitor],#E91E63
水面清漂监测需求,[Demand],#4CAF50,满足于,船闸智能协同助航系统,[TechMonitor],#E91E63
水面清漂监测需求,[Demand],#4CAF50,满足于,绿色高效船舶过闸技术,[TechMonitor],#E91E63
水面清漂监测需求,[Demand],#4CAF50,满足于,船闸设备故障预警诊断系统,[TechMonitor],#E91E63
水面清漂监测需求,[Demand],#4CAF50,满足于,高安全分布式智能管控系统,[TechMonitor],#E91E63
水面清漂监测需求,[Demand],#4CAF50,满足于,动力系统智能监测控制技术,[TechMonitor],#E91E63
水面清漂监测需求,[Demand],#4CAF50,满足于,智能工程机器人作业技术,[TechMonitor],#E91E63
水面清漂监测需求,[Demand],#4CAF50,满足于,峡谷高精度光纤授时系统,[TechMonitor],#E91E63
水面清漂监测需求,[Demand],#4CAF50,满足于,大坝水下三维数字化探测技术,[TechMonitor],#E91E63
水面清漂监测需求,[Demand],#4CAF50,满足于,船舶过闸吃水自动检测技术,[TechMonitor],#E91E63
水面清漂监测需求,[Demand],#4CAF50,满足于,智能疏浚决策支持系统,[TechMonitor],#E91E63
水面清漂监测需求,[Demand],#4CAF50,满足于,水面漂浮物监测治理技术,[TechMonitor],#E91E63
水面清漂监测需求,[Demand],#4CAF50,满足于,港口一体化智能管控系统,[TechMonitor],#E91E63
水面清漂监测需求,[Demand],#4CAF50,满足于,受限域船组水动力预报系统,[TechShip],#00BCD4
水面清漂监测需求,[Demand],#4CAF50,满足于,生态过鱼水生生物运动仿真技术,[TechShip],#00BCD4
水面清漂监测需求,[Demand],#4CAF50,满足于,三峡新通道标准船型研发平台,[TechShip],#00BCD4
水面清漂监测需求,[Demand],#4CAF50,满足于,船舶自主智能运动控制系统,[TechShip],#00BCD4
水面清漂监测需求,[Demand],#4CAF50,满足于,钾离子固态电池储能技术,[TechEnergy],#2196F3
水面清漂监测需求,[Demand],#4CAF50,满足于,光-浪-储自洽能源供电系统,[TechEnergy],#2196F3
水面清漂监测需求,[Demand],#4CAF50,满足于,水风光氢零碳航道微电网,[TechEnergy],#2196F3
水面清漂监测需求,[Demand],#4CAF50,满足于,船舶航道智慧消防防控技术,[TechSafety],#F44336
水面清漂监测需求,[Demand],#4CAF50,满足于,大坝结构健康安全诊断技术,[TechSafety],#F44336
水面清漂监测需求,[Demand],#4CAF50,满足于,大坝渗流隐蔽病害探测技术,[TechSafety],#F44336
水面清漂监测需求,[Demand],#4CAF50,满足于,枢纽施工断航风险评估技术,[TechSafety],#F44336
港口一体化管控需求,[Demand],#4CAF50,满足于,大体积混凝土控裂成套技术,[TechMaterial],#9C27B0
港口一体化管控需求,[Demand],#4CAF50,满足于,枢纽混凝土制备关键技术,[TechMaterial],#9C27B0
港口一体化管控需求,[Demand],#4CAF50,满足于,混凝土自清洁纳米涂层技术,[TechMaterial],#9C27B0
港口一体化管控需求,[Demand],#4CAF50,满足于,数字骨料全生命周期技术,[TechMaterial],#9C27B0
港口一体化管控需求,[Demand],#4CAF50,满足于,超高频水下环保裂岩技术,[TechMaterial],#9C27B0
港口一体化管控需求,[Demand],#4CAF50,满足于,高陡边坡控制爆破技术,[TechMaterial],#9C27B0
港口一体化管控需求,[Demand],#4CAF50,满足于,工程固废就地资源化技术,[TechMaterial],#9C27B0
港口一体化管控需求,[Demand],#4CAF50,满足于,通航枢纽数字孪生调度技术,[TechMonitor],#E91E63
港口一体化管控需求,[Demand],#4CAF50,满足于,船闸智能协同助航系统,[TechMonitor],#E91E63
港口一体化管控需求,[Demand],#4CAF50,满足于,绿色高效船舶过闸技术,[TechMonitor],#E91E63
港口一体化管控需求,[Demand],#4CAF50,满足于,船闸设备故障预警诊断系统,[TechMonitor],#E91E63
港口一体化管控需求,[Demand],#4CAF50,满足于,高安全分布式智能管控系统,[TechMonitor],#E91E63
港口一体化管控需求,[Demand],#4CAF50,满足于,动力系统智能监测控制技术,[TechMonitor],#E91E63
港口一体化管控需求,[Demand],#4CAF50,满足于,智能工程机器人作业技术,[TechMonitor],#E91E63
港口一体化管控需求,[Demand],#4CAF50,满足于,峡谷高精度光纤授时系统,[TechMonitor],#E91E63
港口一体化管控需求,[Demand],#4CAF50,满足于,大坝水下三维数字化探测技术,[TechMonitor],#E91E63
港口一体化管控需求,[Demand],#4CAF50,满足于,船舶过闸吃水自动检测技术,[TechMonitor],#E91E63
港口一体化管控需求,[Demand],#4CAF50,满足于,智能疏浚决策支持系统,[TechMonitor],#E91E63
港口一体化管控需求,[Demand],#4CAF50,满足于,水面漂浮物监测治理技术,[TechMonitor],#E91E63
港口一体化管控需求,[Demand],#4CAF50,满足于,港口一体化智能管控系统,[TechMonitor],#E91E63
港口一体化管控需求,[Demand],#4CAF50,满足于,受限域船组水动力预报系统,[TechShip],#00BCD4
港口一体化管控需求,[Demand],#4CAF50,满足于,生态过鱼水生生物运动仿真技术,[TechShip],#00BCD4
港口一体化管控需求,[Demand],#4CAF50,满足于,三峡新通道标准船型研发平台,[TechShip],#00BCD4
港口一体化管控需求,[Demand],#4CAF50,满足于,船舶自主智能运动控制系统,[TechShip],#00BCD4
港口一体化管控需求,[Demand],#4CAF50,满足于,钾离子固态电池储能技术,[TechEnergy],#2196F3
港口一体化管控需求,[Demand],#4CAF50,满足于,光-浪-储自洽能源供电系统,[TechEnergy],#2196F3
港口一体化管控需求,[Demand],#4CAF50,满足于,水风光氢零碳航道微电网,[TechEnergy],#2196F3
港口一体化管控需求,[Demand],#4CAF50,满足于,船舶航道智慧消防防控技术,[TechSafety],#F44336
港口一体化管控需求,[Demand],#4CAF50,满足于,大坝结构健康安全诊断技术,[TechSafety],#F44336
港口一体化管控需求,[Demand],#4CAF50,满足于,大坝渗流隐蔽病害探测技术,[TechSafety],#F44336
港口一体化管控需求,[Demand],#4CAF50,满足于,枢纽施工断航风险评估技术,[TechSafety],#F44336
船组水动力预报需求,[Demand],#4CAF50,满足于,大体积混凝土控裂成套技术,[TechMaterial],#9C27B0
船组水动力预报需求,[Demand],#4CAF50,满足于,枢纽混凝土制备关键技术,[TechMaterial],#9C27B0
船组水动力预报需求,[Demand],#4CAF50,满足于,混凝土自清洁纳米涂层技术,[TechMaterial],#9C27B0
船组水动力预报需求,[Demand],#4CAF50,满足于,数字骨料全生命周期技术,[TechMaterial],#9C27B0
船组水动力预报需求,[Demand],#4CAF50,满足于,超高频水下环保裂岩技术,[TechMaterial],#9C27B0
船组水动力预报需求,[Demand],#4CAF50,满足于,高陡边坡控制爆破技术,[TechMaterial],#9C27B0
船组水动力预报需求,[Demand],#4CAF50,满足于,工程固废就地资源化技术,[TechMaterial],#9C27B0
船组水动力预报需求,[Demand],#4CAF50,满足于,通航枢纽数字孪生调度技术,[TechMonitor],#E91E63
船组水动力预报需求,[Demand],#4CAF50,满足于,船闸智能协同助航系统,[TechMonitor],#E91E63
船组水动力预报需求,[Demand],#4CAF50,满足于,绿色高效船舶过闸技术,[TechMonitor],#E91E63
船组水动力预报需求,[Demand],#4CAF50,满足于,船闸设备故障预警诊断系统,[TechMonitor],#E91E63
船组水动力预报需求,[Demand],#4CAF50,满足于,高安全分布式智能管控系统,[TechMonitor],#E91E63
船组水动力预报需求,[Demand],#4CAF50,满足于,动力系统智能监测控制技术,[TechMonitor],#E91E63
船组水动力预报需求,[Demand],#4CAF50,满足于,智能工程机器人作业技术,[TechMonitor],#E91E63
船组水动力预报需求,[Demand],#4CAF50,满足于,峡谷高精度光纤授时系统,[TechMonitor],#E91E63
船组水动力预报需求,[Demand],#4CAF50,满足于,大坝水下三维数字化探测技术,[TechMonitor],#E91E63
船组水动力预报需求,[Demand],#4CAF50,满足于,船舶过闸吃水自动检测技术,[TechMonitor],#E91E63
船组水动力预报需求,[Demand],#4CAF50,满足于,智能疏浚决策支持系统,[TechMonitor],#E91E63
船组水动力预报需求,[Demand],#4CAF50,满足于,水面漂浮物监测治理技术,[TechMonitor],#E91E63
船组水动力预报需求,[Demand],#4CAF50,满足于,港口一体化智能管控系统,[TechMonitor],#E91E63
船组水动力预报需求,[Demand],#4CAF50,满足于,受限域船组水动力预报系统,[TechShip],#00BCD4
船组水动力预报需求,[Demand],#4CAF50,满足于,生态过鱼水生生物运动仿真技术,[TechShip],#00BCD4
船组水动力预报需求,[Demand],#4CAF50,满足于,三峡新通道标准船型研发平台,[TechShip],#00BCD4
船组水动力预报需求,[Demand],#4CAF50,满足于,船舶自主智能运动控制系统,[TechShip],#00BCD4
船组水动力预报需求,[Demand],#4CAF50,满足于,钾离子固态电池储能技术,[TechEnergy],#2196F3
船组水动力预报需求,[Demand],#4CAF50,满足于,光-浪-储自洽能源供电系统,[TechEnergy],#2196F3
船组水动力预报需求,[Demand],#4CAF50,满足于,水风光氢零碳航道微电网,[TechEnergy],#2196F3
船组水动力预报需求,[Demand],#4CAF50,满足于,船舶航道智慧消防防控技术,[TechSafety],#F44336
船组水动力预报需求,[Demand],#4CAF50,满足于,大坝结构健康安全诊断技术,[TechSafety],#F44336
船组水动力预报需求,[Demand],#4CAF50,满足于,大坝渗流隐蔽病害探测技术,[TechSafety],#F44336
船组水动力预报需求,[Demand],#4CAF50,满足于,枢纽施工断航风险评估技术,[TechSafety],#F44336
生态过鱼仿真需求,[Demand],#4CAF50,满足于,大体积混凝土控裂成套技术,[TechMaterial],#9C27B0
生态过鱼仿真需求,[Demand],#4CAF50,满足于,枢纽混凝土制备关键技术,[TechMaterial],#9C27B0
生态过鱼仿真需求,[Demand],#4CAF50,满足于,混凝土自清洁纳米涂层技术,[TechMaterial],#9C27B0
生态过鱼仿真需求,[Demand],#4CAF50,满足于,数字骨料全生命周期技术,[TechMaterial],#9C27B0
生态过鱼仿真需求,[Demand],#4CAF50,满足于,超高频水下环保裂岩技术,[TechMaterial],#9C27B0
生态过鱼仿真需求,[Demand],#4CAF50,满足于,高陡边坡控制爆破技术,[TechMaterial],#9C27B0
生态过鱼仿真需求,[Demand],#4CAF50,满足于,工程固废就地资源化技术,[TechMaterial],#9C27B0
生态过鱼仿真需求,[Demand],#4CAF50,满足于,通航枢纽数字孪生调度技术,[TechMonitor],#E91E63
生态过鱼仿真需求,[Demand],#4CAF50,满足于,船闸智能协同助航系统,[TechMonitor],#E91E63
生态过鱼仿真需求,[Demand],#4CAF50,满足于,绿色高效船舶过闸技术,[TechMonitor],#E91E63
生态过鱼仿真需求,[Demand],#4CAF50,满足于,船闸设备故障预警诊断系统,[TechMonitor],#E91E63
生态过鱼仿真需求,[Demand],#4CAF50,满足于,高安全分布式智能管控系统,[TechMonitor],#E91E63
生态过鱼仿真需求,[Demand],#4CAF50,满足于,动力系统智能监测控制技术,[TechMonitor],#E91E63
生态过鱼仿真需求,[Demand],#4CAF50,满足于,智能工程机器人作业技术,[TechMonitor],#E91E63
生态过鱼仿真需求,[Demand],#4CAF50,满足于,峡谷高精度光纤授时系统,[TechMonitor],#E91E63
生态过鱼仿真需求,[Demand],#4CAF50,满足于,大坝水下三维数字化探测技术,[TechMonitor],#E91E63
生态过鱼仿真需求,[Demand],#4CAF50,满足于,船舶过闸吃水自动检测技术,[TechMonitor],#E91E63
生态过鱼仿真需求,[Demand],#4CAF50,满足于,智能疏浚决策支持系统,[TechMonitor],#E91E63
生态过鱼仿真需求,[Demand],#4CAF50,满足于,水面漂浮物监测治理技术,[TechMonitor],#E91E63
生态过鱼仿真需求,[Demand],#4CAF50,满足于,港口一体化智能管控系统,[TechMonitor],#E91E63
生态过鱼仿真需求,[Demand],#4CAF50,满足于,受限域船组水动力预报系统,[TechShip],#00BCD4
生态过鱼仿真需求,[Demand],#4CAF50,满足于,生态过鱼水生生物运动仿真技术,[TechShip],#00BCD4
生态过鱼仿真需求,[Demand],#4CAF50,满足于,三峡新通道标准船型研发平台,[TechShip],#00BCD4
生态过鱼仿真需求,[Demand],#4CAF50,满足于,船舶自主智能运动控制系统,[TechShip],#00BCD4
生态过鱼仿真需求,[Demand],#4CAF50,满足于,钾离子固态电池储能技术,[TechEnergy],#2196F3
生态过鱼仿真需求,[Demand],#4CAF50,满足于,光-浪-储自洽能源供电系统,[TechEnergy],#2196F3
生态过鱼仿真需求,[Demand],#4CAF50,满足于,水风光氢零碳航道微电网,[TechEnergy],#2196F3
生态过鱼仿真需求,[Demand],#4CAF50,满足于,船舶航道智慧消防防控技术,[TechSafety],#F44336
生态过鱼仿真需求,[Demand],#4CAF50,满足于,大坝结构健康安全诊断技术,[TechSafety],#F44336
生态过鱼仿真需求,[Demand],#4CAF50,满足于,大坝渗流隐蔽病害探测技术,[TechSafety],#F44336
生态过鱼仿真需求,[Demand],#4CAF50,满足于,枢纽施工断航风险评估技术,[TechSafety],#F44336
标准船型研发需求,[Demand],#4CAF50,满足于,大体积混凝土控裂成套技术,[TechMaterial],#9C27B0
标准船型研发需求,[Demand],#4CAF50,满足于,枢纽混凝土制备关键技术,[TechMaterial],#9C27B0
标准船型研发需求,[Demand],#4CAF50,满足于,混凝土自清洁纳米涂层技术,[TechMaterial],#9C27B0
标准船型研发需求,[Demand],#4CAF50,满足于,数字骨料全生命周期技术,[TechMaterial],#9C27B0
标准船型研发需求,[Demand],#4CAF50,满足于,超高频水下环保裂岩技术,[TechMaterial],#9C27B0
标准船型研发需求,[Demand],#4CAF50,满足于,高陡边坡控制爆破技术,[TechMaterial],#9C27B0
标准船型研发需求,[Demand],#4CAF50,满足于,工程固废就地资源化技术,[TechMaterial],#9C27B0
标准船型研发需求,[Demand],#4CAF50,满足于,通航枢纽数字孪生调度技术,[TechMonitor],#E91E63
标准船型研发需求,[Demand],#4CAF50,满足于,船闸智能协同助航系统,[TechMonitor],#E91E63
标准船型研发需求,[Demand],#4CAF50,满足于,绿色高效船舶过闸技术,[TechMonitor],#E91E63
标准船型研发需求,[Demand],#4CAF50,满足于,船闸设备故障预警诊断系统,[TechMonitor],#E91E63
标准船型研发需求,[Demand],#4CAF50,满足于,高安全分布式智能管控系统,[TechMonitor],#E91E63
标准船型研发需求,[Demand],#4CAF50,满足于,动力系统智能监测控制技术,[TechMonitor],#E91E63
标准船型研发需求,[Demand],#4CAF50,满足于,智能工程机器人作业技术,[TechMonitor],#E91E63
标准船型研发需求,[Demand],#4CAF50,满足于,峡谷高精度光纤授时系统,[TechMonitor],#E91E63
标准船型研发需求,[Demand],#4CAF50,满足于,大坝水下三维数字化探测技术,[TechMonitor],#E91E63
标准船型研发需求,[Demand],#4CAF50,满足于,船舶过闸吃水自动检测技术,[TechMonitor],#E91E63
标准船型研发需求,[Demand],#4CAF50,满足于,智能疏浚决策支持系统,[TechMonitor],#E91E63
标准船型研发需求,[Demand],#4CAF50,满足于,水面漂浮物监测治理技术,[TechMonitor],#E91E63
标准船型研发需求,[Demand],#4CAF50,满足于,港口一体化智能管控系统,[TechMonitor],#E91E63
标准船型研发需求,[Demand],#4CAF50,满足于,受限域船组水动力预报系统,[TechShip],#00BCD4
标准船型研发需求,[Demand],#4CAF50,满足于,生态过鱼水生生物运动仿真技术,[TechShip],#00BCD4
标准船型研发需求,[Demand],#4CAF50,满足于,三峡新通道标准船型研发平台,[TechShip],#00BCD4
标准船型研发需求,[Demand],#4CAF50,满足于,船舶自主智能运动控制系统,[TechShip],#00BCD4
标准船型研发需求,[Demand],#4CAF50,满足于,钾离子固态电池储能技术,[TechEnergy],#2196F3
标准船型研发需求,[Demand],#4CAF50,满足于,光-浪-储自洽能源供电系统,[TechEnergy],#2196F3
标准船型研发需求,[Demand],#4CAF50,满足于,水风光氢零碳航道微电网,[TechEnergy],#2196F3
标准船型研发需求,[Demand],#4CAF50,满足于,船舶航道智慧消防防控技术,[TechSafety],#F44336
标准船型研发需求,[Demand],#4CAF50,满足于,大坝结构健康安全诊断技术,[TechSafety],#F44336
标准船型研发需求,[Demand],#4CAF50,满足于,大坝渗流隐蔽病害探测技术,[TechSafety],#F44336
标准船型研发需求,[Demand],#4CAF50,满足于,枢纽施工断航风险评估技术,[TechSafety],#F44336
船舶智能航行控制需求,[Demand],#4CAF50,满足于,大体积混凝土控裂成套技术,[TechMaterial],#9C27B0
船舶智能航行控制需求,[Demand],#4CAF50,满足于,枢纽混凝土制备关键技术,[TechMaterial],#9C27B0
船舶智能航行控制需求,[Demand],#4CAF50,满足于,混凝土自清洁纳米涂层技术,[TechMaterial],#9C27B0
船舶智能航行控制需求,[Demand],#4CAF50,满足于,数字骨料全生命周期技术,[TechMaterial],#9C27B0
船舶智能航行控制需求,[Demand],#4CAF50,满足于,超高频水下环保裂岩技术,[TechMaterial],#9C27B0
船舶智能航行控制需求,[Demand],#4CAF50,满足于,高陡边坡控制爆破技术,[TechMaterial],#9C27B0
船舶智能航行控制需求,[Demand],#4CAF50,满足于,工程固废就地资源化技术,[TechMaterial],#9C27B0
船舶智能航行控制需求,[Demand],#4CAF50,满足于,通航枢纽数字孪生调度技术,[TechMonitor],#E91E63
船舶智能航行控制需求,[Demand],#4CAF50,满足于,船闸智能协同助航系统,[TechMonitor],#E91E63
船舶智能航行控制需求,[Demand],#4CAF50,满足于,绿色高效船舶过闸技术,[TechMonitor],#E91E63
船舶智能航行控制需求,[Demand],#4CAF50,满足于,船闸设备故障预警诊断系统,[TechMonitor],#E91E63
船舶智能航行控制需求,[Demand],#4CAF50,满足于,高安全分布式智能管控系统,[TechMonitor],#E91E63
船舶智能航行控制需求,[Demand],#4CAF50,满足于,动力系统智能监测控制技术,[TechMonitor],#E91E63
船舶智能航行控制需求,[Demand],#4CAF50,满足于,智能工程机器人作业技术,[TechMonitor],#E91E63
船舶智能航行控制需求,[Demand],#4CAF50,满足于,峡谷高精度光纤授时系统,[TechMonitor],#E91E63
船舶智能航行控制需求,[Demand],#4CAF50,满足于,大坝水下三维数字化探测技术,[TechMonitor],#E91E63
船舶智能航行控制需求,[Demand],#4CAF50,满足于,船舶过闸吃水自动检测技术,[TechMonitor],#E91E63
船舶智能航行控制需求,[Demand],#4CAF50,满足于,智能疏浚决策支持系统,[TechMonitor],#E91E63
船舶智能航行控制需求,[Demand],#4CAF50,满足于,水面漂浮物监测治理技术,[TechMonitor],#E91E63
船舶智能航行控制需求,[Demand],#4CAF50,满足于,港口一体化智能管控系统,[TechMonitor],#E91E63
船舶智能航行控制需求,[Demand],#4CAF50,满足于,受限域船组水动力预报系统,[TechShip],#00BCD4
船舶智能航行控制需求,[Demand],#4CAF50,满足于,生态过鱼水生生物运动仿真技术,[TechShip],#00BCD4
船舶智能航行控制需求,[Demand],#4CAF50,满足于,三峡新通道标准船型研发平台,[TechShip],#00BCD4
船舶智能航行控制需求,[Demand],#4CAF50,满足于,船舶自主智能运动控制系统,[TechShip],#00BCD4
船舶智能航行控制需求,[Demand],#4CAF50,满足于,钾离子固态电池储能技术,[TechEnergy],#2196F3
船舶智能航行控制需求,[Demand],#4CAF50,满足于,光-浪-储自洽能源供电系统,[TechEnergy],#2196F3
船舶智能航行控制需求,[Demand],#4CAF50,满足于,水风光氢零碳航道微电网,[TechEnergy],#2196F3
船舶智能航行控制需求,[Demand],#4CAF50,满足于,船舶航道智慧消防防控技术,[TechSafety],#F44336
船舶智能航行控制需求,[Demand],#4CAF50,满足于,大坝结构健康安全诊断技术,[TechSafety],#F44336
船舶智能航行控制需求,[Demand],#4CAF50,满足于,大坝渗流隐蔽病害探测技术,[TechSafety],#F44336
船舶智能航行控制需求,[Demand],#4CAF50,满足于,枢纽施工断航风险评估技术,[TechSafety],#F44336
钾离子固态电池储能需求,[Demand],#4CAF50,满足于,大体积混凝土控裂成套技术,[TechMaterial],#9C27B0
钾离子固态电池储能需求,[Demand],#4CAF50,满足于,枢纽混凝土制备关键技术,[TechMaterial],#9C27B0
钾离子固态电池储能需求,[Demand],#4CAF50,满足于,混凝土自清洁纳米涂层技术,[TechMaterial],#9C27B0
钾离子固态电池储能需求,[Demand],#4CAF50,满足于,数字骨料全生命周期技术,[TechMaterial],#9C27B0
钾离子固态电池储能需求,[Demand],#4CAF50,满足于,超高频水下环保裂岩技术,[TechMaterial],#9C27B0
钾离子固态电池储能需求,[Demand],#4CAF50,满足于,高陡边坡控制爆破技术,[TechMaterial],#9C27B0
钾离子固态电池储能需求,[Demand],#4CAF50,满足于,工程固废就地资源化技术,[TechMaterial],#9C27B0
钾离子固态电池储能需求,[Demand],#4CAF50,满足于,通航枢纽数字孪生调度技术,[TechMonitor],#E91E63
钾离子固态电池储能需求,[Demand],#4CAF50,满足于,船闸智能协同助航系统,[TechMonitor],#E91E63
钾离子固态电池储能需求,[Demand],#4CAF50,满足于,绿色高效船舶过闸技术,[TechMonitor],#E91E63
钾离子固态电池储能需求,[Demand],#4CAF50,满足于,船闸设备故障预警诊断系统,[TechMonitor],#E91E63
钾离子固态电池储能需求,[Demand],#4CAF50,满足于,高安全分布式智能管控系统,[TechMonitor],#E91E63
钾离子固态电池储能需求,[Demand],#4CAF50,满足于,动力系统智能监测控制技术,[TechMonitor],#E91E63
钾离子固态电池储能需求,[Demand],#4CAF50,满足于,智能工程机器人作业技术,[TechMonitor],#E91E63
钾离子固态电池储能需求,[Demand],#4CAF50,满足于,峡谷高精度光纤授时系统,[TechMonitor],#E91E63
钾离子固态电池储能需求,[Demand],#4CAF50,满足于,大坝水下三维数字化探测技术,[TechMonitor],#E91E63
钾离子固态电池储能需求,[Demand],#4CAF50,满足于,船舶过闸吃水自动检测技术,[TechMonitor],#E91E63
钾离子固态电池储能需求,[Demand],#4CAF50,满足于,智能疏浚决策支持系统,[TechMonitor],#E91E63
钾离子固态电池储能需求,[Demand],#4CAF50,满足于,水面漂浮物监测治理技术,[TechMonitor],#E91E63
钾离子固态电池储能需求,[Demand],#4CAF50,满足于,港口一体化智能管控系统,[TechMonitor],#E91E63
钾离子固态电池储能需求,[Demand],#4CAF50,满足于,受限域船组水动力预报系统,[TechShip],#00BCD4
钾离子固态电池储能需求,[Demand],#4CAF50,满足于,生态过鱼水生生物运动仿真技术,[TechShip],#00BCD4
钾离子固态电池储能需求,[Demand],#4CAF50,满足于,三峡新通道标准船型研发平台,[TechShip],#00BCD4
钾离子固态电池储能需求,[Demand],#4CAF50,满足于,船舶自主智能运动控制系统,[TechShip],#00BCD4
钾离子固态电池储能需求,[Demand],#4CAF50,满足于,钾离子固态电池储能技术,[TechEnergy],#2196F3
钾离子固态电池储能需求,[Demand],#4CAF50,满足于,光-浪-储自洽能源供电系统,[TechEnergy],#2196F3
钾离子固态电池储能需求,[Demand],#4CAF50,满足于,水风光氢零碳航道微电网,[TechEnergy],#2196F3
钾离子固态电池储能需求,[Demand],#4CAF50,满足于,船舶航道智慧消防防控技术,[TechSafety],#F44336
钾离子固态电池储能需求,[Demand],#4CAF50,满足于,大坝结构健康安全诊断技术,[TechSafety],#F44336
钾离子固态电池储能需求,[Demand],#4CAF50,满足于,大坝渗流隐蔽病害探测技术,[TechSafety],#F44336
钾离子固态电池储能需求,[Demand],#4CAF50,满足于,枢纽施工断航风险评估技术,[TechSafety],#F44336
风光波浪互补供电需求,[Demand],#4CAF50,满足于,大体积混凝土控裂成套技术,[TechMaterial],#9C27B0
风光波浪互补供电需求,[Demand],#4CAF50,满足于,枢纽混凝土制备关键技术,[TechMaterial],#9C27B0
风光波浪互补供电需求,[Demand],#4CAF50,满足于,混凝土自清洁纳米涂层技术,[TechMaterial],#9C27B0
风光波浪互补供电需求,[Demand],#4CAF50,满足于,数字骨料全生命周期技术,[TechMaterial],#9C27B0
风光波浪互补供电需求,[Demand],#4CAF50,满足于,超高频水下环保裂岩技术,[TechMaterial],#9C27B0
风光波浪互补供电需求,[Demand],#4CAF50,满足于,高陡边坡控制爆破技术,[TechMaterial],#9C27B0
风光波浪互补供电需求,[Demand],#4CAF50,满足于,工程固废就地资源化技术,[TechMaterial],#9C27B0
风光波浪互补供电需求,[Demand],#4CAF50,满足于,通航枢纽数字孪生调度技术,[TechMonitor],#E91E63
风光波浪互补供电需求,[Demand],#4CAF50,满足于,船闸智能协同助航系统,[TechMonitor],#E91E63
风光波浪互补供电需求,[Demand],#4CAF50,满足于,绿色高效船舶过闸技术,[TechMonitor],#E91E63
风光波浪互补供电需求,[Demand],#4CAF50,满足于,船闸设备故障预警诊断系统,[TechMonitor],#E91E63
风光波浪互补供电需求,[Demand],#4CAF50,满足于,高安全分布式智能管控系统,[TechMonitor],#E91E63
风光波浪互补供电需求,[Demand],#4CAF50,满足于,动力系统智能监测控制技术,[TechMonitor],#E91E63
风光波浪互补供电需求,[Demand],#4CAF50,满足于,智能工程机器人作业技术,[TechMonitor],#E91E63
风光波浪互补供电需求,[Demand],#4CAF50,满足于,峡谷高精度光纤授时系统,[TechMonitor],#E91E63
风光波浪互补供电需求,[Demand],#4CAF50,满足于,大坝水下三维数字化探测技术,[TechMonitor],#E91E63
风光波浪互补供电需求,[Demand],#4CAF50,满足于,船舶过闸吃水自动检测技术,[TechMonitor],#E91E63
风光波浪互补供电需求,[Demand],#4CAF50,满足于,智能疏浚决策支持系统,[TechMonitor],#E91E63
风光波浪互补供电需求,[Demand],#4CAF50,满足于,水面漂浮物监测治理技术,[TechMonitor],#E91E63
风光波浪互补供电需求,[Demand],#4CAF50,满足于,港口一体化智能管控系统,[TechMonitor],#E91E63
风光波浪互补供电需求,[Demand],#4CAF50,满足于,受限域船组水动力预报系统,[TechShip],#00BCD4
风光波浪互补供电需求,[Demand],#4CAF50,满足于,生态过鱼水生生物运动仿真技术,[TechShip],#00BCD4
风光波浪互补供电需求,[Demand],#4CAF50,满足于,三峡新通道标准船型研发平台,[TechShip],#00BCD4
风光波浪互补供电需求,[Demand],#4CAF50,满足于,船舶自主智能运动控制系统,[TechShip],#00BCD4
风光波浪互补供电需求,[Demand],#4CAF50,满足于,钾离子固态电池储能技术,[TechEnergy],#2196F3
风光波浪互补供电需求,[Demand],#4CAF50,满足于,光-浪-储自洽能源供电系统,[TechEnergy],#2196F3
风光波浪互补供电需求,[Demand],#4CAF50,满足于,水风光氢零碳航道微电网,[TechEnergy],#2196F3
风光波浪互补供电需求,[Demand],#4CAF50,满足于,船舶航道智慧消防防控技术,[TechSafety],#F44336
风光波浪互补供电需求,[Demand],#4CAF50,满足于,大坝结构健康安全诊断技术,[TechSafety],#F44336
风光波浪互补供电需求,[Demand],#4CAF50,满足于,大坝渗流隐蔽病害探测技术,[TechSafety],#F44336
风光波浪互补供电需求,[Demand],#4CAF50,满足于,枢纽施工断航风险评估技术,[TechSafety],#F44336
水风光氢零碳微电网需求,[Demand],#4CAF50,满足于,大体积混凝土控裂成套技术,[TechMaterial],#9C27B0
水风光氢零碳微电网需求,[Demand],#4CAF50,满足于,枢纽混凝土制备关键技术,[TechMaterial],#9C27B0
水风光氢零碳微电网需求,[Demand],#4CAF50,满足于,混凝土自清洁纳米涂层技术,[TechMaterial],#9C27B0
水风光氢零碳微电网需求,[Demand],#4CAF50,满足于,数字骨料全生命周期技术,[TechMaterial],#9C27B0
水风光氢零碳微电网需求,[Demand],#4CAF50,满足于,超高频水下环保裂岩技术,[TechMaterial],#9C27B0
水风光氢零碳微电网需求,[Demand],#4CAF50,满足于,高陡边坡控制爆破技术,[TechMaterial],#9C27B0
水风光氢零碳微电网需求,[Demand],#4CAF50,满足于,工程固废就地资源化技术,[TechMaterial],#9C27B0
水风光氢零碳微电网需求,[Demand],#4CAF50,满足于,通航枢纽数字孪生调度技术,[TechMonitor],#E91E63
水风光氢零碳微电网需求,[Demand],#4CAF50,满足于,船闸智能协同助航系统,[TechMonitor],#E91E63
水风光氢零碳微电网需求,[Demand],#4CAF50,满足于,绿色高效船舶过闸技术,[TechMonitor],#E91E63
水风光氢零碳微电网需求,[Demand],#4CAF50,满足于,船闸设备故障预警诊断系统,[TechMonitor],#E91E63
水风光氢零碳微电网需求,[Demand],#4CAF50,满足于,高安全分布式智能管控系统,[TechMonitor],#E91E63
水风光氢零碳微电网需求,[Demand],#4CAF50,满足于,动力系统智能监测控制技术,[TechMonitor],#E91E63
水风光氢零碳微电网需求,[Demand],#4CAF50,满足于,智能工程机器人作业技术,[TechMonitor],#E91E63
水风光氢零碳微电网需求,[Demand],#4CAF50,满足于,峡谷高精度光纤授时系统,[TechMonitor],#E91E63
水风光氢零碳微电网需求,[Demand],#4CAF50,满足于,大坝水下三维数字化探测技术,[TechMonitor],#E91E63
水风光氢零碳微电网需求,[Demand],#4CAF50,满足于,船舶过闸吃水自动检测技术,[TechMonitor],#E91E63
水风光氢零碳微电网需求,[Demand],#4CAF50,满足于,智能疏浚决策支持系统,[TechMonitor],#E91E63
水风光氢零碳微电网需求,[Demand],#4CAF50,满足于,水面漂浮物监测治理技术,[TechMonitor],#E91E63
水风光氢零碳微电网需求,[Demand],#4CAF50,满足于,港口一体化智能管控系统,[TechMonitor],#E91E63
水风光氢零碳微电网需求,[Demand],#4CAF50,满足于,受限域船组水动力预报系统,[TechShip],#00BCD4
水风光氢零碳微电网需求,[Demand],#4CAF50,满足于,生态过鱼水生生物运动仿真技术,[TechShip],#00BCD4
水风光氢零碳微电网需求,[Demand],#4CAF50,满足于,三峡新通道标准船型研发平台,[TechShip],#00BCD4
水风光氢零碳微电网需求,[Demand],#4CAF50,满足于,船舶自主智能运动控制系统,[TechShip],#00BCD4
水风光氢零碳微电网需求,[Demand],#4CAF50,满足于,钾离子固态电池储能技术,[TechEnergy],#2196F3
水风光氢零碳微电网需求,[Demand],#4CAF50,满足于,光-浪-储自洽能源供电系统,[TechEnergy],#2196F3
水风光氢零碳微电网需求,[Demand],#4CAF50,满足于,水风光氢零碳航道微电网,[TechEnergy],#2196F3
水风光氢零碳微电网需求,[Demand],#4CAF50,满足于,船舶航道智慧消防防控技术,[TechSafety],#F44336
水风光氢零碳微电网需求,[Demand],#4CAF50,满足于,大坝结构健康安全诊断技术,[TechSafety],#F44336
水风光氢零碳微电网需求,[Demand],#4CAF50,满足于,大坝渗流隐蔽病害探测技术,[TechSafety],#F44336
水风光氢零碳微电网需求,[Demand],#4CAF50,满足于,枢纽施工断航风险评估技术,[TechSafety],#F44336
船舶航道智慧消防需求,[Demand],#4CAF50,满足于,大体积混凝土控裂成套技术,[TechMaterial],#9C27B0
船舶航道智慧消防需求,[Demand],#4CAF50,满足于,枢纽混凝土制备关键技术,[TechMaterial],#9C27B0
船舶航道智慧消防需求,[Demand],#4CAF50,满足于,混凝土自清洁纳米涂层技术,[TechMaterial],#9C27B0
船舶航道智慧消防需求,[Demand],#4CAF50,满足于,数字骨料全生命周期技术,[TechMaterial],#9C27B0
船舶航道智慧消防需求,[Demand],#4CAF50,满足于,超高频水下环保裂岩技术,[TechMaterial],#9C27B0
船舶航道智慧消防需求,[Demand],#4CAF50,满足于,高陡边坡控制爆破技术,[TechMaterial],#9C27B0
船舶航道智慧消防需求,[Demand],#4CAF50,满足于,工程固废就地资源化技术,[TechMaterial],#9C27B0
船舶航道智慧消防需求,[Demand],#4CAF50,满足于,通航枢纽数字孪生调度技术,[TechMonitor],#E91E63
船舶航道智慧消防需求,[Demand],#4CAF50,满足于,船闸智能协同助航系统,[TechMonitor],#E91E63
船舶航道智慧消防需求,[Demand],#4CAF50,满足于,绿色高效船舶过闸技术,[TechMonitor],#E91E63
船舶航道智慧消防需求,[Demand],#4CAF50,满足于,船闸设备故障预警诊断系统,[TechMonitor],#E91E63
船舶航道智慧消防需求,[Demand],#4CAF50,满足于,高安全分布式智能管控系统,[TechMonitor],#E91E63
船舶航道智慧消防需求,[Demand],#4CAF50,满足于,动力系统智能监测控制技术,[TechMonitor],#E91E63
船舶航道智慧消防需求,[Demand],#4CAF50,满足于,智能工程机器人作业技术,[TechMonitor],#E91E63
船舶航道智慧消防需求,[Demand],#4CAF50,满足于,峡谷高精度光纤授时系统,[TechMonitor],#E91E63
船舶航道智慧消防需求,[Demand],#4CAF50,满足于,大坝水下三维数字化探测技术,[TechMonitor],#E91E63
船舶航道智慧消防需求,[Demand],#4CAF50,满足于,船舶过闸吃水自动检测技术,[TechMonitor],#E91E63
船舶航道智慧消防需求,[Demand],#4CAF50,满足于,智能疏浚决策支持系统,[TechMonitor],#E91E63
船舶航道智慧消防需求,[Demand],#4CAF50,满足于,水面漂浮物监测治理技术,[TechMonitor],#E91E63
船舶航道智慧消防需求,[Demand],#4CAF50,满足于,港口一体化智能管控系统,[TechMonitor],#E91E63
船舶航道智慧消防需求,[Demand],#4CAF50,满足于,受限域船组水动力预报系统,[TechShip],#00BCD4
船舶航道智慧消防需求,[Demand],#4CAF50,满足于,生态过鱼水生生物运动仿真技术,[TechShip],#00BCD4
船舶航道智慧消防需求,[Demand],#4CAF50,满足于,三峡新通道标准船型研发平台,[TechShip],#00BCD4
船舶航道智慧消防需求,[Demand],#4CAF50,满足于,船舶自主智能运动控制系统,[TechShip],#00BCD4
船舶航道智慧消防需求,[Demand],#4CAF50,满足于,钾离子固态电池储能技术,[TechEnergy],#2196F3
船舶航道智慧消防需求,[Demand],#4CAF50,满足于,光-浪-储自洽能源供电系统,[TechEnergy],#2196F3
船舶航道智慧消防需求,[Demand],#4CAF50,满足于,水风光氢零碳航道微电网,[TechEnergy],#2196F3
船舶航道智慧消防需求,[Demand],#4CAF50,满足于,船舶航道智慧消防防控技术,[TechSafety],#F44336
船舶航道智慧消防需求,[Demand],#4CAF50,满足于,大坝结构健康安全诊断技术,[TechSafety],#F44336
船舶航道智慧消防需求,[Demand],#4CAF50,满足于,大坝渗流隐蔽病害探测技术,[TechSafety],#F44336
船舶航道智慧消防需求,[Demand],#4CAF50,满足于,枢纽施工断航风险评估技术,[TechSafety],#F44336
大坝结构安全诊断需求,[Demand],#4CAF50,满足于,大体积混凝土控裂成套技术,[TechMaterial],#9C27B0
大坝结构安全诊断需求,[Demand],#4CAF50,满足于,枢纽混凝土制备关键技术,[TechMaterial],#9C27B0
大坝结构安全诊断需求,[Demand],#4CAF50,满足于,混凝土自清洁纳米涂层技术,[TechMaterial],#9C27B0
大坝结构安全诊断需求,[Demand],#4CAF50,满足于,数字骨料全生命周期技术,[TechMaterial],#9C27B0
大坝结构安全诊断需求,[Demand],#4CAF50,满足于,超高频水下环保裂岩技术,[TechMaterial],#9C27B0
大坝结构安全诊断需求,[Demand],#4CAF50,满足于,高陡边坡控制爆破技术,[TechMaterial],#9C27B0
大坝结构安全诊断需求,[Demand],#4CAF50,满足于,工程固废就地资源化技术,[TechMaterial],#9C27B0
大坝结构安全诊断需求,[Demand],#4CAF50,满足于,通航枢纽数字孪生调度技术,[TechMonitor],#E91E63
大坝结构安全诊断需求,[Demand],#4CAF50,满足于,船闸智能协同助航系统,[TechMonitor],#E91E63
大坝结构安全诊断需求,[Demand],#4CAF50,满足于,绿色高效船舶过闸技术,[TechMonitor],#E91E63
大坝结构安全诊断需求,[Demand],#4CAF50,满足于,船闸设备故障预警诊断系统,[TechMonitor],#E91E63
大坝结构安全诊断需求,[Demand],#4CAF50,满足于,高安全分布式智能管控系统,[TechMonitor],#E91E63
大坝结构安全诊断需求,[Demand],#4CAF50,满足于,动力系统智能监测控制技术,[TechMonitor],#E91E63
大坝结构安全诊断需求,[Demand],#4CAF50,满足于,智能工程机器人作业技术,[TechMonitor],#E91E63
大坝结构安全诊断需求,[Demand],#4CAF50,满足于,峡谷高精度光纤授时系统,[TechMonitor],#E91E63
大坝结构安全诊断需求,[Demand],#4CAF50,满足于,大坝水下三维数字化探测技术,[TechMonitor],#E91E63
大坝结构安全诊断需求,[Demand],#4CAF50,满足于,船舶过闸吃水自动检测技术,[TechMonitor],#E91E63
大坝结构安全诊断需求,[Demand],#4CAF50,满足于,智能疏浚决策支持系统,[TechMonitor],#E91E63
大坝结构安全诊断需求,[Demand],#4CAF50,满足于,水面漂浮物监测治理技术,[TechMonitor],#E91E63
大坝结构安全诊断需求,[Demand],#4CAF50,满足于,港口一体化智能管控系统,[TechMonitor],#E91E63
大坝结构安全诊断需求,[Demand],#4CAF50,满足于,受限域船组水动力预报系统,[TechShip],#00BCD4
大坝结构安全诊断需求,[Demand],#4CAF50,满足于,生态过鱼水生生物运动仿真技术,[TechShip],#00BCD4
大坝结构安全诊断需求,[Demand],#4CAF50,满足于,三峡新通道标准船型研发平台,[TechShip],#00BCD4
大坝结构安全诊断需求,[Demand],#4CAF50,满足于,船舶自主智能运动控制系统,[TechShip],#00BCD4
大坝结构安全诊断需求,[Demand],#4CAF50,满足于,钾离子固态电池储能技术,[TechEnergy],#2196F3
大坝结构安全诊断需求,[Demand],#4CAF50,满足于,光-浪-储自洽能源供电系统,[TechEnergy],#2196F3
大坝结构安全诊断需求,[Demand],#4CAF50,满足于,水风光氢零碳航道微电网,[TechEnergy],#2196F3
大坝结构安全诊断需求,[Demand],#4CAF50,满足于,船舶航道智慧消防防控技术,[TechSafety],#F44336
大坝结构安全诊断需求,[Demand],#4CAF50,满足于,大坝结构健康安全诊断技术,[TechSafety],#F44336
大坝结构安全诊断需求,[Demand],#4CAF50,满足于,大坝渗流隐蔽病害探测技术,[TechSafety],#F44336
大坝结构安全诊断需求,[Demand],#4CAF50,满足于,枢纽施工断航风险评估技术,[TechSafety],#F44336
大坝渗流隐蔽病害探测需求,[Demand],#4CAF50,满足于,大体积混凝土控裂成套技术,[TechMaterial],#9C27B0
大坝渗流隐蔽病害探测需求,[Demand],#4CAF50,满足于,枢纽混凝土制备关键技术,[TechMaterial],#9C27B0
大坝渗流隐蔽病害探测需求,[Demand],#4CAF50,满足于,混凝土自清洁纳米涂层技术,[TechMaterial],#9C27B0
大坝渗流隐蔽病害探测需求,[Demand],#4CAF50,满足于,数字骨料全生命周期技术,[TechMaterial],#9C27B0
大坝渗流隐蔽病害探测需求,[Demand],#4CAF50,满足于,超高频水下环保裂岩技术,[TechMaterial],#9C27B0
大坝渗流隐蔽病害探测需求,[Demand],#4CAF50,满足于,高陡边坡控制爆破技术,[TechMaterial],#9C27B0
大坝渗流隐蔽病害探测需求,[Demand],#4CAF50,满足于,工程固废就地资源化技术,[TechMaterial],#9C27B0
大坝渗流隐蔽病害探测需求,[Demand],#4CAF50,满足于,通航枢纽数字孪生调度技术,[TechMonitor],#E91E63
大坝渗流隐蔽病害探测需求,[Demand],#4CAF50,满足于,船闸智能协同助航系统,[TechMonitor],#E91E63
大坝渗流隐蔽病害探测需求,[Demand],#4CAF50,满足于,绿色高效船舶过闸技术,[TechMonitor],#E91E63
大坝渗流隐蔽病害探测需求,[Demand],#4CAF50,满足于,船闸设备故障预警诊断系统,[TechMonitor],#E91E63
大坝渗流隐蔽病害探测需求,[Demand],#4CAF50,满足于,高安全分布式智能管控系统,[TechMonitor],#E91E63
大坝渗流隐蔽病害探测需求,[Demand],#4CAF50,满足于,动力系统智能监测控制技术,[TechMonitor],#E91E63
大坝渗流隐蔽病害探测需求,[Demand],#4CAF50,满足于,智能工程机器人作业技术,[TechMonitor],#E91E63
大坝渗流隐蔽病害探测需求,[Demand],#4CAF50,满足于,峡谷高精度光纤授时系统,[TechMonitor],#E91E63
大坝渗流隐蔽病害探测需求,[Demand],#4CAF50,满足于,大坝水下三维数字化探测技术,[TechMonitor],#E91E63
大坝渗流隐蔽病害探测需求,[Demand],#4CAF50,满足于,船舶过闸吃水自动检测技术,[TechMonitor],#E91E63
大坝渗流隐蔽病害探测需求,[Demand],#4CAF50,满足于,智能疏浚决策支持系统,[TechMonitor],#E91E63
大坝渗流隐蔽病害探测需求,[Demand],#4CAF50,满足于,水面漂浮物监测治理技术,[TechMonitor],#E91E63
大坝渗流隐蔽病害探测需求,[Demand],#4CAF50,满足于,港口一体化智能管控系统,[TechMonitor],#E91E63
大坝渗流隐蔽病害探测需求,[Demand],#4CAF50,满足于,受限域船组水动力预报系统,[TechShip],#00BCD4
大坝渗流隐蔽病害探测需求,[Demand],#4CAF50,满足于,生态过鱼水生生物运动仿真技术,[TechShip],#00BCD4
大坝渗流隐蔽病害探测需求,[Demand],#4CAF50,满足于,三峡新通道标准船型研发平台,[TechShip],#00BCD4
大坝渗流隐蔽病害探测需求,[Demand],#4CAF50,满足于,船舶自主智能运动控制系统,[TechShip],#00BCD4
大坝渗流隐蔽病害探测需求,[Demand],#4CAF50,满足于,钾离子固态电池储能技术,[TechEnergy],#2196F3
大坝渗流隐蔽病害探测需求,[Demand],#4CAF50,满足于,光-浪-储自洽能源供电系统,[TechEnergy],#2196F3
大坝渗流隐蔽病害探测需求,[Demand],#4CAF50,满足于,水风光氢零碳航道微电网,[TechEnergy],#2196F3
大坝渗流隐蔽病害探测需求,[Demand],#4CAF50,满足于,船舶航道智慧消防防控技术,[TechSafety],#F44336
大坝渗流隐蔽病害探测需求,[Demand],#4CAF50,满足于,大坝结构健康安全诊断技术,[TechSafety],#F44336
大坝渗流隐蔽病害探测需求,[Demand],#4CAF50,满足于,大坝渗流隐蔽病害探测技术,[TechSafety],#F44336
大坝渗流隐蔽病害探测需求,[Demand],#4CAF50,满足于,枢纽施工断航风险评估技术,[TechSafety],#F44336
枢纽施工断航风险评估需求,[Demand],#4CAF50,满足于,大体积混凝土控裂成套技术,[TechMaterial],#9C27B0
枢纽施工断航风险评估需求,[Demand],#4CAF50,满足于,枢纽混凝土制备关键技术,[TechMaterial],#9C27B0
枢纽施工断航风险评估需求,[Demand],#4CAF50,满足于,混凝土自清洁纳米涂层技术,[TechMaterial],#9C27B0
枢纽施工断航风险评估需求,[Demand],#4CAF50,满足于,数字骨料全生命周期技术,[TechMaterial],#9C27B0
枢纽施工断航风险评估需求,[Demand],#4CAF50,满足于,超高频水下环保裂岩技术,[TechMaterial],#9C27B0
枢纽施工断航风险评估需求,[Demand],#4CAF50,满足于,高陡边坡控制爆破技术,[TechMaterial],#9C27B0
枢纽施工断航风险评估需求,[Demand],#4CAF50,满足于,工程固废就地资源化技术,[TechMaterial],#9C27B0
枢纽施工断航风险评估需求,[Demand],#4CAF50,满足于,通航枢纽数字孪生调度技术,[TechMonitor],#E91E63
枢纽施工断航风险评估需求,[Demand],#4CAF50,满足于,船闸智能协同助航系统,[TechMonitor],#E91E63
枢纽施工断航风险评估需求,[Demand],#4CAF50,满足于,绿色高效船舶过闸技术,[TechMonitor],#E91E63
枢纽施工断航风险评估需求,[Demand],#4CAF50,满足于,船闸设备故障预警诊断系统,[TechMonitor],#E91E63
枢纽施工断航风险评估需求,[Demand],#4CAF50,满足于,高安全分布式智能管控系统,[TechMonitor],#E91E63
枢纽施工断航风险评估需求,[Demand],#4CAF50,满足于,动力系统智能监测控制技术,[TechMonitor],#E91E63
枢纽施工断航风险评估需求,[Demand],#4CAF50,满足于,智能工程机器人作业技术,[TechMonitor],#E91E63
枢纽施工断航风险评估需求,[Demand],#4CAF50,满足于,峡谷高精度光纤授时系统,[TechMonitor],#E91E63
枢纽施工断航风险评估需求,[Demand],#4CAF50,满足于,大坝水下三维数字化探测技术,[TechMonitor],#E91E63
枢纽施工断航风险评估需求,[Demand],#4CAF50,满足于,船舶过闸吃水自动检测技术,[TechMonitor],#E91E63
枢纽施工断航风险评估需求,[Demand],#4CAF50,满足于,智能疏浚决策支持系统,[TechMonitor],#E91E63
枢纽施工断航风险评估需求,[Demand],#4CAF50,满足于,水面漂浮物监测治理技术,[TechMonitor],#E91E63
枢纽施工断航风险评估需求,[Demand],#4CAF50,满足于,港口一体化智能管控系统,[TechMonitor],#E91E63
枢纽施工断航风险评估需求,[Demand],#4CAF50,满足于,受限域船组水动力预报系统,[TechShip],#00BCD4
枢纽施工断航风险评估需求,[Demand],#4CAF50,满足于,生态过鱼水生生物运动仿真技术,[TechShip],#00BCD4
枢纽施工断航风险评估需求,[Demand],#4CAF50,满足于,三峡新通道标准船型研发平台,[TechShip],#00BCD4
枢纽施工断航风险评估需求,[Demand],#4CAF50,满足于,船舶自主智能运动控制系统,[TechShip],#00BCD4
枢纽施工断航风险评估需求,[Demand],#4CAF50,满足于,钾离子固态电池储能技术,[TechEnergy],#2196F3
枢纽施工断航风险评估需求,[Demand],#4CAF50,满足于,光-浪-储自洽能源供电系统,[TechEnergy],#2196F3
枢纽施工断航风险评估需求,[Demand],#4CAF50,满足于,水风光氢零碳航道微电网,[TechEnergy],#2196F3
枢纽施工断航风险评估需求,[Demand],#4CAF50,满足于,船舶航道智慧消防防控技术,[TechSafety],#F44336
枢纽施工断航风险评估需求,[Demand],#4CAF50,满足于,大坝结构健康安全诊断技术,[TechSafety],#F44336
枢纽施工断航风险评估需求,[Demand],#4CAF50,满足于,大坝渗流隐蔽病害探测技术,[TechSafety],#F44336
枢纽施工断航风险评估需求,[Demand],#4CAF50,满足于,枢纽施工断航风险评估技术,[TechSafety],#F44336
大体积混凝土控裂需求,[Demand],#4CAF50,满足于,大体积混凝土控裂成套技术,[TechMaterial],#9C27B0
大体积混凝土控裂需求,[Demand],#4CAF50,满足于,枢纽混凝土制备关键技术,[TechMaterial],#9C27B0
大体积混凝土控裂需求,[Demand],#4CAF50,满足于,混凝土自清洁纳米涂层技术,[TechMaterial],#9C27B0
大体积混凝土控裂需求,[Demand],#4CAF50,满足于,数字骨料全生命周期技术,[TechMaterial],#9C27B0
大体积混凝土控裂需求,[Demand],#4CAF50,满足于,超高频水下环保裂岩技术,[TechMaterial],#9C27B0
大体积混凝土控裂需求,[Demand],#4CAF50,满足于,高陡边坡控制爆破技术,[TechMaterial],#9C27B0
大体积混凝土控裂需求,[Demand],#4CAF50,满足于,工程固废就地资源化技术,[TechMaterial],#9C27B0
大体积混凝土控裂需求,[Demand],#4CAF50,满足于,通航枢纽数字孪生调度技术,[TechMonitor],#E91E63
大体积混凝土控裂需求,[Demand],#4CAF50,满足于,船闸智能协同助航系统,[TechMonitor],#E91E63
大体积混凝土控裂需求,[Demand],#4CAF50,满足于,绿色高效船舶过闸技术,[TechMonitor],#E91E63
大体积混凝土控裂需求,[Demand],#4CAF50,满足于,船闸设备故障预警诊断系统,[TechMonitor],#E91E63
大体积混凝土控裂需求,[Demand],#4CAF50,满足于,高安全分布式智能管控系统,[TechMonitor],#E91E63
大体积混凝土控裂需求,[Demand],#4CAF50,满足于,动力系统智能监测控制技术,[TechMonitor],#E91E63
大体积混凝土控裂需求,[Demand],#4CAF50,满足于,智能工程机器人作业技术,[TechMonitor],#E91E63
大体积混凝土控裂需求,[Demand],#4CAF50,满足于,峡谷高精度光纤授时系统,[TechMonitor],#E91E63
大体积混凝土控裂需求,[Demand],#4CAF50,满足于,大坝水下三维数字化探测技术,[TechMonitor],#E91E63
大体积混凝土控裂需求,[Demand],#4CAF50,满足于,船舶过闸吃水自动检测技术,[TechMonitor],#E91E63
大体积混凝土控裂需求,[Demand],#4CAF50,满足于,智能疏浚决策支持系统,[TechMonitor],#E91E63
大体积混凝土控裂需求,[Demand],#4CAF50,满足于,水面漂浮物监测治理技术,[TechMonitor],#E91E63
大体积混凝土控裂需求,[Demand],#4CAF50,满足于,港口一体化智能管控系统,[TechMonitor],#E91E63
大体积混凝土控裂需求,[Demand],#4CAF50,满足于,受限域船组水动力预报系统,[TechShip],#00BCD4
大体积混凝土控裂需求,[Demand],#4CAF50,满足于,生态过鱼水生生物运动仿真技术,[TechShip],#00BCD4
大体积混凝土控裂需求,[Demand],#4CAF50,满足于,三峡新通道标准船型研发平台,[TechShip],#00BCD4
大体积混凝土控裂需求,[Demand],#4CAF50,满足于,船舶自主智能运动控制系统,[TechShip],#00BCD4
大体积混凝土控裂需求,[Demand],#4CAF50,满足于,钾离子固态电池储能技术,[TechEnergy],#2196F3
大体积混凝土控裂需求,[Demand],#4CAF50,满足于,光-浪-储自洽能源供电系统,[TechEnergy],#2196F3
大体积混凝土控裂需求,[Demand],#4CAF50,满足于,水风光氢零碳航道微电网,[TechEnergy],#2196F3
大体积混凝土控裂需求,[Demand],#4CAF50,满足于,船舶航道智慧消防防控技术,[TechSafety],#F44336
大体积混凝土控裂需求,[Demand],#4CAF50,满足于,大坝结构健康安全诊断技术,[TechSafety],#F44336
大体积混凝土控裂需求,[Demand],#4CAF50,满足于,大坝渗流隐蔽病害探测技术,[TechSafety],#F44336
大体积混凝土控裂需求,[Demand],#4CAF50,满足于,枢纽施工断航风险评估技术,[TechSafety],#F44336
枢纽混凝土制备需求,[Demand],#4CAF50,满足于,大体积混凝土控裂成套技术,[TechMaterial],#9C27B0
枢纽混凝土制备需求,[Demand],#4CAF50,满足于,枢纽混凝土制备关键技术,[TechMaterial],#9C27B0
枢纽混凝土制备需求,[Demand],#4CAF50,满足于,混凝土自清洁纳米涂层技术,[TechMaterial],#9C27B0
枢纽混凝土制备需求,[Demand],#4CAF50,满足于,数字骨料全生命周期技术,[TechMaterial],#9C27B0
枢纽混凝土制备需求,[Demand],#4CAF50,满足于,超高频水下环保裂岩技术,[TechMaterial],#9C27B0
枢纽混凝土制备需求,[Demand],#4CAF50,满足于,高陡边坡控制爆破技术,[TechMaterial],#9C27B0
枢纽混凝土制备需求,[Demand],#4CAF50,满足于,工程固废就地资源化技术,[TechMaterial],#9C27B0
枢纽混凝土制备需求,[Demand],#4CAF50,满足于,通航枢纽数字孪生调度技术,[TechMonitor],#E91E63
枢纽混凝土制备需求,[Demand],#4CAF50,满足于,船闸智能协同助航系统,[TechMonitor],#E91E63
枢纽混凝土制备需求,[Demand],#4CAF50,满足于,绿色高效船舶过闸技术,[TechMonitor],#E91E63
枢纽混凝土制备需求,[Demand],#4CAF50,满足于,船闸设备故障预警诊断系统,[TechMonitor],#E91E63
枢纽混凝土制备需求,[Demand],#4CAF50,满足于,高安全分布式智能管控系统,[TechMonitor],#E91E63
枢纽混凝土制备需求,[Demand],#4CAF50,满足于,动力系统智能监测控制技术,[TechMonitor],#E91E63
枢纽混凝土制备需求,[Demand],#4CAF50,满足于,智能工程机器人作业技术,[TechMonitor],#E91E63
枢纽混凝土制备需求,[Demand],#4CAF50,满足于,峡谷高精度光纤授时系统,[TechMonitor],#E91E63
枢纽混凝土制备需求,[Demand],#4CAF50,满足于,大坝水下三维数字化探测技术,[TechMonitor],#E91E63
枢纽混凝土制备需求,[Demand],#4CAF50,满足于,船舶过闸吃水自动检测技术,[TechMonitor],#E91E63
枢纽混凝土制备需求,[Demand],#4CAF50,满足于,智能疏浚决策支持系统,[TechMonitor],#E91E63
枢纽混凝土制备需求,[Demand],#4CAF50,满足于,水面漂浮物监测治理技术,[TechMonitor],#E91E63
枢纽混凝土制备需求,[Demand],#4CAF50,满足于,港口一体化智能管控系统,[TechMonitor],#E91E63
枢纽混凝土制备需求,[Demand],#4CAF50,满足于,受限域船组水动力预报系统,[TechShip],#00BCD4
枢纽混凝土制备需求,[Demand],#4CAF50,满足于,生态过鱼水生生物运动仿真技术,[TechShip],#00BCD4
枢纽混凝土制备需求,[Demand],#4CAF50,满足于,三峡新通道标准船型研发平台,[TechShip],#00BCD4
枢纽混凝土制备需求,[Demand],#4CAF50,满足于,船舶自主智能运动控制系统,[TechShip],#00BCD4
枢纽混凝土制备需求,[Demand],#4CAF50,满足于,钾离子固态电池储能技术,[TechEnergy],#2196F3
枢纽混凝土制备需求,[Demand],#4CAF50,满足于,光-浪-储自洽能源供电系统,[TechEnergy],#2196F3
枢纽混凝土制备需求,[Demand],#4CAF50,满足于,水风光氢零碳航道微电网,[TechEnergy],#2196F3
枢纽混凝土制备需求,[Demand],#4CAF50,满足于,船舶航道智慧消防防控技术,[TechSafety],#F44336
枢纽混凝土制备需求,[Demand],#4CAF50,满足于,大坝结构健康安全诊断技术,[TechSafety],#F44336
枢纽混凝土制备需求,[Demand],#4CAF50,满足于,大坝渗流隐蔽病害探测技术,[TechSafety],#F44336
枢纽混凝土制备需求,[Demand],#4CAF50,满足于,枢纽施工断航风险评估技术,[TechSafety],#F44336
混凝土自耐久需求,[Demand],#4CAF50,满足于,大体积混凝土控裂成套技术,[TechMaterial],#9C27B0
混凝土自耐久需求,[Demand],#4CAF50,满足于,枢纽混凝土制备关键技术,[TechMaterial],#9C27B0
混凝土自耐久需求,[Demand],#4CAF50,满足于,混凝土自清洁纳米涂层技术,[TechMaterial],#9C27B0
混凝土自耐久需求,[Demand],#4CAF50,满足于,数字骨料全生命周期技术,[TechMaterial],#9C27B0
混凝土自耐久需求,[Demand],#4CAF50,满足于,超高频水下环保裂岩技术,[TechMaterial],#9C27B0
混凝土自耐久需求,[Demand],#4CAF50,满足于,高陡边坡控制爆破技术,[TechMaterial],#9C27B0
混凝土自耐久需求,[Demand],#4CAF50,满足于,工程固废就地资源化技术,[TechMaterial],#9C27B0
混凝土自耐久需求,[Demand],#4CAF50,满足于,通航枢纽数字孪生调度技术,[TechMonitor],#E91E63
混凝土自耐久需求,[Demand],#4CAF50,满足于,船闸智能协同助航系统,[TechMonitor],#E91E63
混凝土自耐久需求,[Demand],#4CAF50,满足于,绿色高效船舶过闸技术,[TechMonitor],#E91E63
混凝土自耐久需求,[Demand],#4CAF50,满足于,船闸设备故障预警诊断系统,[TechMonitor],#E91E63
混凝土自耐久需求,[Demand],#4CAF50,满足于,高安全分布式智能管控系统,[TechMonitor],#E91E63
混凝土自耐久需求,[Demand],#4CAF50,满足于,动力系统智能监测控制技术,[TechMonitor],#E91E63
混凝土自耐久需求,[Demand],#4CAF50,满足于,智能工程机器人作业技术,[TechMonitor],#E91E63
混凝土自耐久需求,[Demand],#4CAF50,满足于,峡谷高精度光纤授时系统,[TechMonitor],#E91E63
混凝土自耐久需求,[Demand],#4CAF50,满足于,大坝水下三维数字化探测技术,[TechMonitor],#E91E63
混凝土自耐久需求,[Demand],#4CAF50,满足于,船舶过闸吃水自动检测技术,[TechMonitor],#E91E63
混凝土自耐久需求,[Demand],#4CAF50,满足于,智能疏浚决策支持系统,[TechMonitor],#E91E63
混凝土自耐久需求,[Demand],#4CAF50,满足于,水面漂浮物监测治理技术,[TechMonitor],#E91E63
混凝土自耐久需求,[Demand],#4CAF50,满足于,港口一体化智能管控系统,[TechMonitor],#E91E63
混凝土自耐久需求,[Demand],#4CAF50,满足于,受限域船组水动力预报系统,[TechShip],#00BCD4
混凝土自耐久需求,[Demand],#4CAF50,满足于,生态过鱼水生生物运动仿真技术,[TechShip],#00BCD4
混凝土自耐久需求,[Demand],#4CAF50,满足于,三峡新通道标准船型研发平台,[TechShip],#00BCD4
混凝土自耐久需求,[Demand],#4CAF50,满足于,船舶自主智能运动控制系统,[TechShip],#00BCD4
混凝土自耐久需求,[Demand],#4CAF50,满足于,钾离子固态电池储能技术,[TechEnergy],#2196F3
混凝土自耐久需求,[Demand],#4CAF50,满足于,光-浪-储自洽能源供电系统,[TechEnergy],#2196F3
混凝土自耐久需求,[Demand],#4CAF50,满足于,水风光氢零碳航道微电网,[TechEnergy],#2196F3
混凝土自耐久需求,[Demand],#4CAF50,满足于,船舶航道智慧消防防控技术,[TechSafety],#F44336
混凝土自耐久需求,[Demand],#4CAF50,满足于,大坝结构健康安全诊断技术,[TechSafety],#F44336
混凝土自耐久需求,[Demand],#4CAF50,满足于,大坝渗流隐蔽病害探测技术,[TechSafety],#F44336
混凝土自耐久需求,[Demand],#4CAF50,满足于,枢纽施工断航风险评估技术,[TechSafety],#F44336
混凝土数字化管理需求,[Demand],#4CAF50,满足于,大体积混凝土控裂成套技术,[TechMaterial],#9C27B0
混凝土数字化管理需求,[Demand],#4CAF50,满足于,枢纽混凝土制备关键技术,[TechMaterial],#9C27B0
混凝土数字化管理需求,[Demand],#4CAF50,满足于,混凝土自清洁纳米涂层技术,[TechMaterial],#9C27B0
混凝土数字化管理需求,[Demand],#4CAF50,满足于,数字骨料全生命周期技术,[TechMaterial],#9C27B0
混凝土数字化管理需求,[Demand],#4CAF50,满足于,超高频水下环保裂岩技术,[TechMaterial],#9C27B0
混凝土数字化管理需求,[Demand],#4CAF50,满足于,高陡边坡控制爆破技术,[TechMaterial],#9C27B0
混凝土数字化管理需求,[Demand],#4CAF50,满足于,工程固废就地资源化技术,[TechMaterial],#9C27B0
混凝土数字化管理需求,[Demand],#4CAF50,满足于,通航枢纽数字孪生调度技术,[TechMonitor],#E91E63
混凝土数字化管理需求,[Demand],#4CAF50,满足于,船闸智能协同助航系统,[TechMonitor],#E91E63
混凝土数字化管理需求,[Demand],#4CAF50,满足于,绿色高效船舶过闸技术,[TechMonitor],#E91E63
混凝土数字化管理需求,[Demand],#4CAF50,满足于,船闸设备故障预警诊断系统,[TechMonitor],#E91E63
混凝土数字化管理需求,[Demand],#4CAF50,满足于,高安全分布式智能管控系统,[TechMonitor],#E91E63
混凝土数字化管理需求,[Demand],#4CAF50,满足于,动力系统智能监测控制技术,[TechMonitor],#E91E63
混凝土数字化管理需求,[Demand],#4CAF50,满足于,智能工程机器人作业技术,[TechMonitor],#E91E63
混凝土数字化管理需求,[Demand],#4CAF50,满足于,峡谷高精度光纤授时系统,[TechMonitor],#E91E63
混凝土数字化管理需求,[Demand],#4CAF50,满足于,大坝水下三维数字化探测技术,[TechMonitor],#E91E63
混凝土数字化管理需求,[Demand],#4CAF50,满足于,船舶过闸吃水自动检测技术,[TechMonitor],#E91E63
混凝土数字化管理需求,[Demand],#4CAF50,满足于,智能疏浚决策支持系统,[TechMonitor],#E91E63
混凝土数字化管理需求,[Demand],#4CAF50,满足于,水面漂浮物监测治理技术,[TechMonitor],#E91E63
混凝土数字化管理需求,[Demand],#4CAF50,满足于,港口一体化智能管控系统,[TechMonitor],#E91E63
混凝土数字化管理需求,[Demand],#4CAF50,满足于,受限域船组水动力预报系统,[TechShip],#00BCD4
混凝土数字化管理需求,[Demand],#4CAF50,满足于,生态过鱼水生生物运动仿真技术,[TechShip],#00BCD4
混凝土数字化管理需求,[Demand],#4CAF50,满足于,三峡新通道标准船型研发平台,[TechShip],#00BCD4
混凝土数字化管理需求,[Demand],#4CAF50,满足于,船舶自主智能运动控制系统,[TechShip],#00BCD4
混凝土数字化管理需求,[Demand],#4CAF50,满足于,钾离子固态电池储能技术,[TechEnergy],#2196F3
混凝土数字化管理需求,[Demand],#4CAF50,满足于,光-浪-储自洽能源供电系统,[TechEnergy],#2196F3
混凝土数字化管理需求,[Demand],#4CAF50,满足于,水风光氢零碳航道微电网,[TechEnergy],#2196F3
混凝土数字化管理需求,[Demand],#4CAF50,满足于,船舶航道智慧消防防控技术,[TechSafety],#F44336
混凝土数字化管理需求,[Demand],#4CAF50,满足于,大坝结构健康安全诊断技术,[TechSafety],#F44336
混凝土数字化管理需求,[Demand],#4CAF50,满足于,大坝渗流隐蔽病害探测技术,[TechSafety],#F44336
混凝土数字化管理需求,[Demand],#4CAF50,满足于,枢纽施工断航风险评估技术,[TechSafety],#F44336
水下环保裂岩需求,[Demand],#4CAF50,满足于,大体积混凝土控裂成套技术,[TechMaterial],#9C27B0
水下环保裂岩需求,[Demand],#4CAF50,满足于,枢纽混凝土制备关键技术,[TechMaterial],#9C27B0
水下环保裂岩需求,[Demand],#4CAF50,满足于,混凝土自清洁纳米涂层技术,[TechMaterial],#9C27B0
水下环保裂岩需求,[Demand],#4CAF50,满足于,数字骨料全生命周期技术,[TechMaterial],#9C27B0
水下环保裂岩需求,[Demand],#4CAF50,满足于,超高频水下环保裂岩技术,[TechMaterial],#9C27B0
水下环保裂岩需求,[Demand],#4CAF50,满足于,高陡边坡控制爆破技术,[TechMaterial],#9C27B0
水下环保裂岩需求,[Demand],#4CAF50,满足于,工程固废就地资源化技术,[TechMaterial],#9C27B0
水下环保裂岩需求,[Demand],#4CAF50,满足于,通航枢纽数字孪生调度技术,[TechMonitor],#E91E63
水下环保裂岩需求,[Demand],#4CAF50,满足于,船闸智能协同助航系统,[TechMonitor],#E91E63
水下环保裂岩需求,[Demand],#4CAF50,满足于,绿色高效船舶过闸技术,[TechMonitor],#E91E63
水下环保裂岩需求,[Demand],#4CAF50,满足于,船闸设备故障预警诊断系统,[TechMonitor],#E91E63
水下环保裂岩需求,[Demand],#4CAF50,满足于,高安全分布式智能管控系统,[TechMonitor],#E91E63
水下环保裂岩需求,[Demand],#4CAF50,满足于,动力系统智能监测控制技术,[TechMonitor],#E91E63
水下环保裂岩需求,[Demand],#4CAF50,满足于,智能工程机器人作业技术,[TechMonitor],#E91E63
水下环保裂岩需求,[Demand],#4CAF50,满足于,峡谷高精度光纤授时系统,[TechMonitor],#E91E63
水下环保裂岩需求,[Demand],#4CAF50,满足于,大坝水下三维数字化探测技术,[TechMonitor],#E91E63
水下环保裂岩需求,[Demand],#4CAF50,满足于,船舶过闸吃水自动检测技术,[TechMonitor],#E91E63
水下环保裂岩需求,[Demand],#4CAF50,满足于,智能疏浚决策支持系统,[TechMonitor],#E91E63
水下环保裂岩需求,[Demand],#4CAF50,满足于,水面漂浮物监测治理技术,[TechMonitor],#E91E63
水下环保裂岩需求,[Demand],#4CAF50,满足于,港口一体化智能管控系统,[TechMonitor],#E91E63
水下环保裂岩需求,[Demand],#4CAF50,满足于,受限域船组水动力预报系统,[TechShip],#00BCD4
水下环保裂岩需求,[Demand],#4CAF50,满足于,生态过鱼水生生物运动仿真技术,[TechShip],#00BCD4
水下环保裂岩需求,[Demand],#4CAF50,满足于,三峡新通道标准船型研发平台,[TechShip],#00BCD4
水下环保裂岩需求,[Demand],#4CAF50,满足于,船舶自主智能运动控制系统,[TechShip],#00BCD4
水下环保裂岩需求,[Demand],#4CAF50,满足于,钾离子固态电池储能技术,[TechEnergy],#2196F3
水下环保裂岩需求,[Demand],#4CAF50,满足于,光-浪-储自洽能源供电系统,[TechEnergy],#2196F3
水下环保裂岩需求,[Demand],#4CAF50,满足于,水风光氢零碳航道微电网,[TechEnergy],#2196F3
水下环保裂岩需求,[Demand],#4CAF50,满足于,船舶航道智慧消防防控技术,[TechSafety],#F44336
水下环保裂岩需求,[Demand],#4CAF50,满足于,大坝结构健康安全诊断技术,[TechSafety],#F44336
水下环保裂岩需求,[Demand],#4CAF50,满足于,大坝渗流隐蔽病害探测技术,[TechSafety],#F44336
水下环保裂岩需求,[Demand],#4CAF50,满足于,枢纽施工断航风险评估技术,[TechSafety],#F44336
高陡边坡爆破安全需求,[Demand],#4CAF50,满足于,大体积混凝土控裂成套技术,[TechMaterial],#9C27B0
高陡边坡爆破安全需求,[Demand],#4CAF50,满足于,枢纽混凝土制备关键技术,[TechMaterial],#9C27B0
高陡边坡爆破安全需求,[Demand],#4CAF50,满足于,混凝土自清洁纳米涂层技术,[TechMaterial],#9C27B0
高陡边坡爆破安全需求,[Demand],#4CAF50,满足于,数字骨料全生命周期技术,[TechMaterial],#9C27B0
高陡边坡爆破安全需求,[Demand],#4CAF50,满足于,超高频水下环保裂岩技术,[TechMaterial],#9C27B0
高陡边坡爆破安全需求,[Demand],#4CAF50,满足于,高陡边坡控制爆破技术,[TechMaterial],#9C27B0
高陡边坡爆破安全需求,[Demand],#4CAF50,满足于,工程固废就地资源化技术,[TechMaterial],#9C27B0
高陡边坡爆破安全需求,[Demand],#4CAF50,满足于,通航枢纽数字孪生调度技术,[TechMonitor],#E91E63
高陡边坡爆破安全需求,[Demand],#4CAF50,满足于,船闸智能协同助航系统,[TechMonitor],#E91E63
高陡边坡爆破安全需求,[Demand],#4CAF50,满足于,绿色高效船舶过闸技术,[TechMonitor],#E91E63
高陡边坡爆破安全需求,[Demand],#4CAF50,满足于,船闸设备故障预警诊断系统,[TechMonitor],#E91E63
高陡边坡爆破安全需求,[Demand],#4CAF50,满足于,高安全分布式智能管控系统,[TechMonitor],#E91E63
高陡边坡爆破安全需求,[Demand],#4CAF50,满足于,动力系统智能监测控制技术,[TechMonitor],#E91E63
高陡边坡爆破安全需求,[Demand],#4CAF50,满足于,智能工程机器人作业技术,[TechMonitor],#E91E63
高陡边坡爆破安全需求,[Demand],#4CAF50,满足于,峡谷高精度光纤授时系统,[TechMonitor],#E91E63
高陡边坡爆破安全需求,[Demand],#4CAF50,满足于,大坝水下三维数字化探测技术,[TechMonitor],#E91E63
高陡边坡爆破安全需求,[Demand],#4CAF50,满足于,船舶过闸吃水自动检测技术,[TechMonitor],#E91E63
高陡边坡爆破安全需求,[Demand],#4CAF50,满足于,智能疏浚决策支持系统,[TechMonitor],#E91E63
高陡边坡爆破安全需求,[Demand],#4CAF50,满足于,水面漂浮物监测治理技术,[TechMonitor],#E91E63
高陡边坡爆破安全需求,[Demand],#4CAF50,满足于,港口一体化智能管控系统,[TechMonitor],#E91E63
高陡边坡爆破安全需求,[Demand],#4CAF50,满足于,受限域船组水动力预报系统,[TechShip],#00BCD4
高陡边坡爆破安全需求,[Demand],#4CAF50,满足于,生态过鱼水生生物运动仿真技术,[TechShip],#00BCD4
高陡边坡爆破安全需求,[Demand],#4CAF50,满足于,三峡新通道标准船型研发平台,[TechShip],#00BCD4
高陡边坡爆破安全需求,[Demand],#4CAF50,满足于,船舶自主智能运动控制系统,[TechShip],#00BCD4
高陡边坡爆破安全需求,[Demand],#4CAF50,满足于,钾离子固态电池储能技术,[TechEnergy],#2196F3
高陡边坡爆破安全需求,[Demand],#4CAF50,满足于,光-浪-储自洽能源供电系统,[TechEnergy],#2196F3
高陡边坡爆破安全需求,[Demand],#4CAF50,满足于,水风光氢零碳航道微电网,[TechEnergy],#2196F3
高陡边坡爆破安全需求,[Demand],#4CAF50,满足于,船舶航道智慧消防防控技术,[TechSafety],#F44336
高陡边坡爆破安全需求,[Demand],#4CAF50,满足于,大坝结构健康安全诊断技术,[TechSafety],#F44336
高陡边坡爆破安全需求,[Demand],#4CAF50,满足于,大坝渗流隐蔽病害探测技术,[TechSafety],#F44336
高陡边坡爆破安全需求,[Demand],#4CAF50,满足于,枢纽施工断航风险评估技术,[TechSafety],#F44336
工程固废资源化需求,[Demand],#4CAF50,满足于,大体积混凝土控裂成套技术,[TechMaterial],#9C27B0
工程固废资源化需求,[Demand],#4CAF50,满足于,枢纽混凝土制备关键技术,[TechMaterial],#9C27B0
工程固废资源化需求,[Demand],#4CAF50,满足于,混凝土自清洁纳米涂层技术,[TechMaterial],#9C27B0
工程固废资源化需求,[Demand],#4CAF50,满足于,数字骨料全生命周期技术,[TechMaterial],#9C27B0
工程固废资源化需求,[Demand],#4CAF50,满足于,超高频水下环保裂岩技术,[TechMaterial],#9C27B0
工程固废资源化需求,[Demand],#4CAF50,满足于,高陡边坡控制爆破技术,[TechMaterial],#9C27B0
工程固废资源化需求,[Demand],#4CAF50,满足于,工程固废就地资源化技术,[TechMaterial],#9C27B0
工程固废资源化需求,[Demand],#4CAF50,满足于,通航枢纽数字孪生调度技术,[TechMonitor],#E91E63
工程固废资源化需求,[Demand],#4CAF50,满足于,船闸智能协同助航系统,[TechMonitor],#E91E63
工程固废资源化需求,[Demand],#4CAF50,满足于,绿色高效船舶过闸技术,[TechMonitor],#E91E63
工程固废资源化需求,[Demand],#4CAF50,满足于,船闸设备故障预警诊断系统,[TechMonitor],#E91E63
工程固废资源化需求,[Demand],#4CAF50,满足于,高安全分布式智能管控系统,[TechMonitor],#E91E63
工程固废资源化需求,[Demand],#4CAF50,满足于,动力系统智能监测控制技术,[TechMonitor],#E91E63
工程固废资源化需求,[Demand],#4CAF50,满足于,智能工程机器人作业技术,[TechMonitor],#E91E63
工程固废资源化需求,[Demand],#4CAF50,满足于,峡谷高精度光纤授时系统,[TechMonitor],#E91E63
工程固废资源化需求,[Demand],#4CAF50,满足于,大坝水下三维数字化探测技术,[TechMonitor],#E91E63
工程固废资源化需求,[Demand],#4CAF50,满足于,船舶过闸吃水自动检测技术,[TechMonitor],#E91E63
工程固废资源化需求,[Demand],#4CAF50,满足于,智能疏浚决策支持系统,[TechMonitor],#E91E63
工程固废资源化需求,[Demand],#4CAF50,满足于,水面漂浮物监测治理技术,[TechMonitor],#E91E63
工程固废资源化需求,[Demand],#4CAF50,满足于,港口一体化智能管控系统,[TechMonitor],#E91E63
工程固废资源化需求,[Demand],#4CAF50,满足于,受限域船组水动力预报系统,[TechShip],#00BCD4
工程固废资源化需求,[Demand],#4CAF50,满足于,生态过鱼水生生物运动仿真技术,[TechShip],#00BCD4
工程固废资源化需求,[Demand],#4CAF50,满足于,三峡新通道标准船型研发平台,[TechShip],#00BCD4
工程固废资源化需求,[Demand],#4CAF50,满足于,船舶自主智能运动控制系统,[TechShip],#00BCD4
工程固废资源化需求,[Demand],#4CAF50,满足于,钾离子固态电池储能技术,[TechEnergy],#2196F3
工程固废资源化需求,[Demand],#4CAF50,满足于,光-浪-储自洽能源供电系统,[TechEnergy],#2196F3
工程固废资源化需求,[Demand],#4CAF50,满足于,水风光氢零碳航道微电网,[TechEnergy],#2196F3
工程固废资源化需求,[Demand],#4CAF50,满足于,船舶航道智慧消防防控技术,[TechSafety],#F44336
工程固废资源化需求,[Demand],#4CAF50,满足于,大坝结构健康安全诊断技术,[TechSafety],#F44336
工程固废资源化需求,[Demand],#4CAF50,满足于,大坝渗流隐蔽病害探测技术,[TechSafety],#F44336
工程固废资源化需求,[Demand],#4CAF50,满足于,枢纽施工断航风险评估技术,[TechSafety],#F44336
通航智能调度需求,[Demand],#4CAF50,满足于,大体积混凝土控裂成套技术,[TechMaterial],#9C27B0
通航智能调度需求,[Demand],#4CAF50,满足于,枢纽混凝土制备关键技术,[TechMaterial],#9C27B0
通航智能调度需求,[Demand],#4CAF50,满足于,混凝土自清洁纳米涂层技术,[TechMaterial],#9C27B0
通航智能调度需求,[Demand],#4CAF50,满足于,数字骨料全生命周期技术,[TechMaterial],#9C27B0
通航智能调度需求,[Demand],#4CAF50,满足于,超高频水下环保裂岩技术,[TechMaterial],#9C27B0
通航智能调度需求,[Demand],#4CAF50,满足于,高陡边坡控制爆破技术,[TechMaterial],#9C27B0
通航智能调度需求,[Demand],#4CAF50,满足于,工程固废就地资源化技术,[TechMaterial],#9C27B0
通航智能调度需求,[Demand],#4CAF50,满足于,通航枢纽数字孪生调度技术,[TechMonitor],#E91E63
通航智能调度需求,[Demand],#4CAF50,满足于,船闸智能协同助航系统,[TechMonitor],#E91E63
通航智能调度需求,[Demand],#4CAF50,满足于,绿色高效船舶过闸技术,[TechMonitor],#E91E63
通航智能调度需求,[Demand],#4CAF50,满足于,船闸设备故障预警诊断系统,[TechMonitor],#E91E63
通航智能调度需求,[Demand],#4CAF50,满足于,高安全分布式智能管控系统,[TechMonitor],#E91E63
通航智能调度需求,[Demand],#4CAF50,满足于,动力系统智能监测控制技术,[TechMonitor],#E91E63
通航智能调度需求,[Demand],#4CAF50,满足于,智能工程机器人作业技术,[TechMonitor],#E91E63
通航智能调度需求,[Demand],#4CAF50,满足于,峡谷高精度光纤授时系统,[TechMonitor],#E91E63
通航智能调度需求,[Demand],#4CAF50,满足于,大坝水下三维数字化探测技术,[TechMonitor],#E91E63
通航智能调度需求,[Demand],#4CAF50,满足于,船舶过闸吃水自动检测技术,[TechMonitor],#E91E63
通航智能调度需求,[Demand],#4CAF50,满足于,智能疏浚决策支持系统,[TechMonitor],#E91E63
通航智能调度需求,[Demand],#4CAF50,满足于,水面漂浮物监测治理技术,[TechMonitor],#E91E63
通航智能调度需求,[Demand],#4CAF50,满足于,港口一体化智能管控系统,[TechMonitor],#E91E63
通航智能调度需求,[Demand],#4CAF50,满足于,受限域船组水动力预报系统,[TechShip],#00BCD4
通航智能调度需求,[Demand],#4CAF50,满足于,生态过鱼水生生物运动仿真技术,[TechShip],#00BCD4
通航智能调度需求,[Demand],#4CAF50,满足于,三峡新通道标准船型研发平台,[TechShip],#00BCD4
通航智能调度需求,[Demand],#4CAF50,满足于,船舶自主智能运动控制系统,[TechShip],#00BCD4
通航智能调度需求,[Demand],#4CAF50,满足于,钾离子固态电池储能技术,[TechEnergy],#2196F3
通航智能调度需求,[Demand],#4CAF50,满足于,光-浪-储自洽能源供电系统,[TechEnergy],#2196F3
通航智能调度需求,[Demand],#4CAF50,满足于,水风光氢零碳航道微电网,[TechEnergy],#2196F3
通航智能调度需求,[Demand],#4CAF50,满足于,船舶航道智慧消防防控技术,[TechSafety],#F44336
通航智能调度需求,[Demand],#4CAF50,满足于,大坝结构健康安全诊断技术,[TechSafety],#F44336
通航智能调度需求,[Demand],#4CAF50,满足于,大坝渗流隐蔽病害探测技术,[TechSafety],#F44336
通航智能调度需求,[Demand],#4CAF50,满足于,枢纽施工断航风险评估技术,[TechSafety],#F44336
船舶智能助航需求,[Demand],#4CAF50,满足于,大体积混凝土控裂成套技术,[TechMaterial],#9C27B0
船舶智能助航需求,[Demand],#4CAF50,满足于,枢纽混凝土制备关键技术,[TechMaterial],#9C27B0
船舶智能助航需求,[Demand],#4CAF50,满足于,混凝土自清洁纳米涂层技术,[TechMaterial],#9C27B0
船舶智能助航需求,[Demand],#4CAF50,满足于,数字骨料全生命周期技术,[TechMaterial],#9C27B0
船舶智能助航需求,[Demand],#4CAF50,满足于,超高频水下环保裂岩技术,[TechMaterial],#9C27B0
船舶智能助航需求,[Demand],#4CAF50,满足于,高陡边坡控制爆破技术,[TechMaterial],#9C27B0
船舶智能助航需求,[Demand],#4CAF50,满足于,工程固废就地资源化技术,[TechMaterial],#9C27B0
船舶智能助航需求,[Demand],#4CAF50,满足于,通航枢纽数字孪生调度技术,[TechMonitor],#E91E63
船舶智能助航需求,[Demand],#4CAF50,满足于,船闸智能协同助航系统,[TechMonitor],#E91E63
船舶智能助航需求,[Demand],#4CAF50,满足于,绿色高效船舶过闸技术,[TechMonitor],#E91E63
船舶智能助航需求,[Demand],#4CAF50,满足于,船闸设备故障预警诊断系统,[TechMonitor],#E91E63
船舶智能助航需求,[Demand],#4CAF50,满足于,高安全分布式智能管控系统,[TechMonitor],#E91E63
船舶智能助航需求,[Demand],#4CAF50,满足于,动力系统智能监测控制技术,[TechMonitor],#E91E63
船舶智能助航需求,[Demand],#4CAF50,满足于,智能工程机器人作业技术,[TechMonitor],#E91E63
船舶智能助航需求,[Demand],#4CAF50,满足于,峡谷高精度光纤授时系统,[TechMonitor],#E91E63
船舶智能助航需求,[Demand],#4CAF50,满足于,大坝水下三维数字化探测技术,[TechMonitor],#E91E63
船舶智能助航需求,[Demand],#4CAF50,满足于,船舶过闸吃水自动检测技术,[TechMonitor],#E91E63
船舶智能助航需求,[Demand],#4CAF50,满足于,智能疏浚决策支持系统,[TechMonitor],#E91E63
船舶智能助航需求,[Demand],#4CAF50,满足于,水面漂浮物监测治理技术,[TechMonitor],#E91E63
船舶智能助航需求,[Demand],#4CAF50,满足于,港口一体化智能管控系统,[TechMonitor],#E91E63
船舶智能助航需求,[Demand],#4CAF50,满足于,受限域船组水动力预报系统,[TechShip],#00BCD4
船舶智能助航需求,[Demand],#4CAF50,满足于,生态过鱼水生生物运动仿真技术,[TechShip],#00BCD4
船舶智能助航需求,[Demand],#4CAF50,满足于,三峡新通道标准船型研发平台,[TechShip],#00BCD4
船舶智能助航需求,[Demand],#4CAF50,满足于,船舶自主智能运动控制系统,[TechShip],#00BCD4
船舶智能助航需求,[Demand],#4CAF50,满足于,钾离子固态电池储能技术,[TechEnergy],#2196F3
船舶智能助航需求,[Demand],#4CAF50,满足于,光-浪-储自洽能源供电系统,[TechEnergy],#2196F3
船舶智能助航需求,[Demand],#4CAF50,满足于,水风光氢零碳航道微电网,[TechEnergy],#2196F3
船舶智能助航需求,[Demand],#4CAF50,满足于,船舶航道智慧消防防控技术,[TechSafety],#F44336
船舶智能助航需求,[Demand],#4CAF50,满足于,大坝结构健康安全诊断技术,[TechSafety],#F44336
船舶智能助航需求,[Demand],#4CAF50,满足于,大坝渗流隐蔽病害探测技术,[TechSafety],#F44336
船舶智能助航需求,[Demand],#4CAF50,满足于,枢纽施工断航风险评估技术,[TechSafety],#F44336
船舶高效过闸需求,[Demand],#4CAF50,满足于,大体积混凝土控裂成套技术,[TechMaterial],#9C27B0
船舶高效过闸需求,[Demand],#4CAF50,满足于,枢纽混凝土制备关键技术,[TechMaterial],#9C27B0
船舶高效过闸需求,[Demand],#4CAF50,满足于,混凝土自清洁纳米涂层技术,[TechMaterial],#9C27B0
船舶高效过闸需求,[Demand],#4CAF50,满足于,数字骨料全生命周期技术,[TechMaterial],#9C27B0
船舶高效过闸需求,[Demand],#4CAF50,满足于,超高频水下环保裂岩技术,[TechMaterial],#9C27B0
船舶高效过闸需求,[Demand],#4CAF50,满足于,高陡边坡控制爆破技术,[TechMaterial],#9C27B0
船舶高效过闸需求,[Demand],#4CAF50,满足于,工程固废就地资源化技术,[TechMaterial],#9C27B0
船舶高效过闸需求,[Demand],#4CAF50,满足于,通航枢纽数字孪生调度技术,[TechMonitor],#E91E63
船舶高效过闸需求,[Demand],#4CAF50,满足于,船闸智能协同助航系统,[TechMonitor],#E91E63
船舶高效过闸需求,[Demand],#4CAF50,满足于,绿色高效船舶过闸技术,[TechMonitor],#E91E63
船舶高效过闸需求,[Demand],#4CAF50,满足于,船闸设备故障预警诊断系统,[TechMonitor],#E91E63
船舶高效过闸需求,[Demand],#4CAF50,满足于,高安全分布式智能管控系统,[TechMonitor],#E91E63
船舶高效过闸需求,[Demand],#4CAF50,满足于,动力系统智能监测控制技术,[TechMonitor],#E91E63
船舶高效过闸需求,[Demand],#4CAF50,满足于,智能工程机器人作业技术,[TechMonitor],#E91E63
船舶高效过闸需求,[Demand],#4CAF50,满足于,峡谷高精度光纤授时系统,[TechMonitor],#E91E63
船舶高效过闸需求,[Demand],#4CAF50,满足于,大坝水下三维数字化探测技术,[TechMonitor],#E91E63
船舶高效过闸需求,[Demand],#4CAF50,满足于,船舶过闸吃水自动检测技术,[TechMonitor],#E91E63
船舶高效过闸需求,[Demand],#4CAF50,满足于,智能疏浚决策支持系统,[TechMonitor],#E91E63
船舶高效过闸需求,[Demand],#4CAF50,满足于,水面漂浮物监测治理技术,[TechMonitor],#E91E63
船舶高效过闸需求,[Demand],#4CAF50,满足于,港口一体化智能管控系统,[TechMonitor],#E91E63
船舶高效过闸需求,[Demand],#4CAF50,满足于,受限域船组水动力预报系统,[TechShip],#00BCD4
船舶高效过闸需求,[Demand],#4CAF50,满足于,生态过鱼水生生物运动仿真技术,[TechShip],#00BCD4
船舶高效过闸需求,[Demand],#4CAF50,满足于,三峡新通道标准船型研发平台,[TechShip],#00BCD4
船舶高效过闸需求,[Demand],#4CAF50,满足于,船舶自主智能运动控制系统,[TechShip],#00BCD4
船舶高效过闸需求,[Demand],#4CAF50,满足于,钾离子固态电池储能技术,[TechEnergy],#2196F3
船舶高效过闸需求,[Demand],#4CAF50,满足于,光-浪-储自洽能源供电系统,[TechEnergy],#2196F3
船舶高效过闸需求,[Demand],#4CAF50,满足于,水风光氢零碳航道微电网,[TechEnergy],#2196F3
船舶高效过闸需求,[Demand],#4CAF50,满足于,船舶航道智慧消防防控技术,[TechSafety],#F44336
船舶高效过闸需求,[Demand],#4CAF50,满足于,大坝结构健康安全诊断技术,[TechSafety],#F44336
船舶高效过闸需求,[Demand],#4CAF50,满足于,大坝渗流隐蔽病害探测技术,[TechSafety],#F44336
船舶高效过闸需求,[Demand],#4CAF50,满足于,枢纽施工断航风险评估技术,[TechSafety],#F44336
船闸设备故障预警需求,[Demand],#4CAF50,满足于,大体积混凝土控裂成套技术,[TechMaterial],#9C27B0
船闸设备故障预警需求,[Demand],#4CAF50,满足于,枢纽混凝土制备关键技术,[TechMaterial],#9C27B0
船闸设备故障预警需求,[Demand],#4CAF50,满足于,混凝土自清洁纳米涂层技术,[TechMaterial],#9C27B0
船闸设备故障预警需求,[Demand],#4CAF50,满足于,数字骨料全生命周期技术,[TechMaterial],#9C27B0
船闸设备故障预警需求,[Demand],#4CAF50,满足于,超高频水下环保裂岩技术,[TechMaterial],#9C27B0
船闸设备故障预警需求,[Demand],#4CAF50,满足于,高陡边坡控制爆破技术,[TechMaterial],#9C27B0
船闸设备故障预警需求,[Demand],#4CAF50,满足于,工程固废就地资源化技术,[TechMaterial],#9C27B0
船闸设备故障预警需求,[Demand],#4CAF50,满足于,通航枢纽数字孪生调度技术,[TechMonitor],#E91E63
船闸设备故障预警需求,[Demand],#4CAF50,满足于,船闸智能协同助航系统,[TechMonitor],#E91E63
船闸设备故障预警需求,[Demand],#4CAF50,满足于,绿色高效船舶过闸技术,[TechMonitor],#E91E63
船闸设备故障预警需求,[Demand],#4CAF50,满足于,船闸设备故障预警诊断系统,[TechMonitor],#E91E63
船闸设备故障预警需求,[Demand],#4CAF50,满足于,高安全分布式智能管控系统,[TechMonitor],#E91E63
船闸设备故障预警需求,[Demand],#4CAF50,满足于,动力系统智能监测控制技术,[TechMonitor],#E91E63
船闸设备故障预警需求,[Demand],#4CAF50,满足于,智能工程机器人作业技术,[TechMonitor],#E91E63
船闸设备故障预警需求,[Demand],#4CAF50,满足于,峡谷高精度光纤授时系统,[TechMonitor],#E91E63
船闸设备故障预警需求,[Demand],#4CAF50,满足于,大坝水下三维数字化探测技术,[TechMonitor],#E91E63
船闸设备故障预警需求,[Demand],#4CAF50,满足于,船舶过闸吃水自动检测技术,[TechMonitor],#E91E63
船闸设备故障预警需求,[Demand],#4CAF50,满足于,智能疏浚决策支持系统,[TechMonitor],#E91E63
船闸设备故障预警需求,[Demand],#4CAF50,满足于,水面漂浮物监测治理技术,[TechMonitor],#E91E63
船闸设备故障预警需求,[Demand],#4CAF50,满足于,港口一体化智能管控系统,[TechMonitor],#E91E63
船闸设备故障预警需求,[Demand],#4CAF50,满足于,受限域船组水动力预报系统,[TechShip],#00BCD4
船闸设备故障预警需求,[Demand],#4CAF50,满足于,生态过鱼水生生物运动仿真技术,[TechShip],#00BCD4
船闸设备故障预警需求,[Demand],#4CAF50,满足于,三峡新通道标准船型研发平台,[TechShip],#00BCD4
船闸设备故障预警需求,[Demand],#4CAF50,满足于,船舶自主智能运动控制系统,[TechShip],#00BCD4
船闸设备故障预警需求,[Demand],#4CAF50,满足于,钾离子固态电池储能技术,[TechEnergy],#2196F3
船闸设备故障预警需求,[Demand],#4CAF50,满足于,光-浪-储自洽能源供电系统,[TechEnergy],#2196F3
船闸设备故障预警需求,[Demand],#4CAF50,满足于,水风光氢零碳航道微电网,[TechEnergy],#2196F3
船闸设备故障预警需求,[Demand],#4CAF50,满足于,船舶航道智慧消防防控技术,[TechSafety],#F44336
船闸设备故障预警需求,[Demand],#4CAF50,满足于,大坝结构健康安全诊断技术,[TechSafety],#F44336
船闸设备故障预警需求,[Demand],#4CAF50,满足于,大坝渗流隐蔽病害探测技术,[TechSafety],#F44336
船闸设备故障预警需求,[Demand],#4CAF50,满足于,枢纽施工断航风险评估技术,[TechSafety],#F44336
分布式智能管控需求,[Demand],#4CAF50,满足于,大体积混凝土控裂成套技术,[TechMaterial],#9C27B0
分布式智能管控需求,[Demand],#4CAF50,满足于,枢纽混凝土制备关键技术,[TechMaterial],#9C27B0
分布式智能管控需求,[Demand],#4CAF50,满足于,混凝土自清洁纳米涂层技术,[TechMaterial],#9C27B0
分布式智能管控需求,[Demand],#4CAF50,满足于,数字骨料全生命周期技术,[TechMaterial],#9C27B0
分布式智能管控需求,[Demand],#4CAF50,满足于,超高频水下环保裂岩技术,[TechMaterial],#9C27B0
分布式智能管控需求,[Demand],#4CAF50,满足于,高陡边坡控制爆破技术,[TechMaterial],#9C27B0
分布式智能管控需求,[Demand],#4CAF50,满足于,工程固废就地资源化技术,[TechMaterial],#9C27B0
分布式智能管控需求,[Demand],#4CAF50,满足于,通航枢纽数字孪生调度技术,[TechMonitor],#E91E63
分布式智能管控需求,[Demand],#4CAF50,满足于,船闸智能协同助航系统,[TechMonitor],#E91E63
分布式智能管控需求,[Demand],#4CAF50,满足于,绿色高效船舶过闸技术,[TechMonitor],#E91E63
分布式智能管控需求,[Demand],#4CAF50,满足于,船闸设备故障预警诊断系统,[TechMonitor],#E91E63
分布式智能管控需求,[Demand],#4CAF50,满足于,高安全分布式智能管控系统,[TechMonitor],#E91E63
分布式智能管控需求,[Demand],#4CAF50,满足于,动力系统智能监测控制技术,[TechMonitor],#E91E63
分布式智能管控需求,[Demand],#4CAF50,满足于,智能工程机器人作业技术,[TechMonitor],#E91E63
分布式智能管控需求,[Demand],#4CAF50,满足于,峡谷高精度光纤授时系统,[TechMonitor],#E91E63
分布式智能管控需求,[Demand],#4CAF50,满足于,大坝水下三维数字化探测技术,[TechMonitor],#E91E63
分布式智能管控需求,[Demand],#4CAF50,满足于,船舶过闸吃水自动检测技术,[TechMonitor],#E91E63
分布式智能管控需求,[Demand],#4CAF50,满足于,智能疏浚决策支持系统,[TechMonitor],#E91E63
分布式智能管控需求,[Demand],#4CAF50,满足于,水面漂浮物监测治理技术,[TechMonitor],#E91E63
分布式智能管控需求,[Demand],#4CAF50,满足于,港口一体化智能管控系统,[TechMonitor],#E91E63
分布式智能管控需求,[Demand],#4CAF50,满足于,受限域船组水动力预报系统,[TechShip],#00BCD4
分布式智能管控需求,[Demand],#4CAF50,满足于,生态过鱼水生生物运动仿真技术,[TechShip],#00BCD4
分布式智能管控需求,[Demand],#4CAF50,满足于,三峡新通道标准船型研发平台,[TechShip],#00BCD4
分布式智能管控需求,[Demand],#4CAF50,满足于,船舶自主智能运动控制系统,[TechShip],#00BCD4
分布式智能管控需求,[Demand],#4CAF50,满足于,钾离子固态电池储能技术,[TechEnergy],#2196F3
分布式智能管控需求,[Demand],#4CAF50,满足于,光-浪-储自洽能源供电系统,[TechEnergy],#2196F3
分布式智能管控需求,[Demand],#4CAF50,满足于,水风光氢零碳航道微电网,[TechEnergy],#2196F3
分布式智能管控需求,[Demand],#4CAF50,满足于,船舶航道智慧消防防控技术,[TechSafety],#F44336
分布式智能管控需求,[Demand],#4CAF50,满足于,大坝结构健康安全诊断技术,[TechSafety],#F44336
分布式智能管控需求,[Demand],#4CAF50,满足于,大坝渗流隐蔽病害探测技术,[TechSafety],#F44336
分布式智能管控需求,[Demand],#4CAF50,满足于,枢纽施工断航风险评估技术,[TechSafety],#F44336
动力系统智能监控需求,[Demand],#4CAF50,满足于,大体积混凝土控裂成套技术,[TechMaterial],#9C27B0
动力系统智能监控需求,[Demand],#4CAF50,满足于,枢纽混凝土制备关键技术,[TechMaterial],#9C27B0
动力系统智能监控需求,[Demand],#4CAF50,满足于,混凝土自清洁纳米涂层技术,[TechMaterial],#9C27B0
动力系统智能监控需求,[Demand],#4CAF50,满足于,数字骨料全生命周期技术,[TechMaterial],#9C27B0
动力系统智能监控需求,[Demand],#4CAF50,满足于,超高频水下环保裂岩技术,[TechMaterial],#9C27B0
动力系统智能监控需求,[Demand],#4CAF50,满足于,高陡边坡控制爆破技术,[TechMaterial],#9C27B0
动力系统智能监控需求,[Demand],#4CAF50,满足于,工程固废就地资源化技术,[TechMaterial],#9C27B0
动力系统智能监控需求,[Demand],#4CAF50,满足于,通航枢纽数字孪生调度技术,[TechMonitor],#E91E63
动力系统智能监控需求,[Demand],#4CAF50,满足于,船闸智能协同助航系统,[TechMonitor],#E91E63
动力系统智能监控需求,[Demand],#4CAF50,满足于,绿色高效船舶过闸技术,[TechMonitor],#E91E63
动力系统智能监控需求,[Demand],#4CAF50,满足于,船闸设备故障预警诊断系统,[TechMonitor],#E91E63
动力系统智能监控需求,[Demand],#4CAF50,满足于,高安全分布式智能管控系统,[TechMonitor],#E91E63
动力系统智能监控需求,[Demand],#4CAF50,满足于,动力系统智能监测控制技术,[TechMonitor],#E91E63
动力系统智能监控需求,[Demand],#4CAF50,满足于,智能工程机器人作业技术,[TechMonitor],#E91E63
动力系统智能监控需求,[Demand],#4CAF50,满足于,峡谷高精度光纤授时系统,[TechMonitor],#E91E63
动力系统智能监控需求,[Demand],#4CAF50,满足于,大坝水下三维数字化探测技术,[TechMonitor],#E91E63
动力系统智能监控需求,[Demand],#4CAF50,满足于,船舶过闸吃水自动检测技术,[TechMonitor],#E91E63
动力系统智能监控需求,[Demand],#4CAF50,满足于,智能疏浚决策支持系统,[TechMonitor],#E91E63
动力系统智能监控需求,[Demand],#4CAF50,满足于,水面漂浮物监测治理技术,[TechMonitor],#E91E63
动力系统智能监控需求,[Demand],#4CAF50,满足于,港口一体化智能管控系统,[TechMonitor],#E91E63
动力系统智能监控需求,[Demand],#4CAF50,满足于,受限域船组水动力预报系统,[TechShip],#00BCD4
动力系统智能监控需求,[Demand],#4CAF50,满足于,生态过鱼水生生物运动仿真技术,[TechShip],#00BCD4
动力系统智能监控需求,[Demand],#4CAF50,满足于,三峡新通道标准船型研发平台,[TechShip],#00BCD4
动力系统智能监控需求,[Demand],#4CAF50,满足于,船舶自主智能运动控制系统,[TechShip],#00BCD4
动力系统智能监控需求,[Demand],#4CAF50,满足于,钾离子固态电池储能技术,[TechEnergy],#2196F3
动力系统智能监控需求,[Demand],#4CAF50,满足于,光-浪-储自洽能源供电系统,[TechEnergy],#2196F3
动力系统智能监控需求,[Demand],#4CAF50,满足于,水风光氢零碳航道微电网,[TechEnergy],#2196F3
动力系统智能监控需求,[Demand],#4CAF50,满足于,船舶航道智慧消防防控技术,[TechSafety],#F44336
动力系统智能监控需求,[Demand],#4CAF50,满足于,大坝结构健康安全诊断技术,[TechSafety],#F44336
动力系统智能监控需求,[Demand],#4CAF50,满足于,大坝渗流隐蔽病害探测技术,[TechSafety],#F44336
动力系统智能监控需求,[Demand],#4CAF50,满足于,枢纽施工断航风险评估技术,[TechSafety],#F44336
智能机器人作业需求,[Demand],#4CAF50,满足于,大体积混凝土控裂成套技术,[TechMaterial],#9C27B0
智能机器人作业需求,[Demand],#4CAF50,满足于,枢纽混凝土制备关键技术,[TechMaterial],#9C27B0
智能机器人作业需求,[Demand],#4CAF50,满足于,混凝土自清洁纳米涂层技术,[TechMaterial],#9C27B0
智能机器人作业需求,[Demand],#4CAF50,满足于,数字骨料全生命周期技术,[TechMaterial],#9C27B0
智能机器人作业需求,[Demand],#4CAF50,满足于,超高频水下环保裂岩技术,[TechMaterial],#9C27B0
智能机器人作业需求,[Demand],#4CAF50,满足于,高陡边坡控制爆破技术,[TechMaterial],#9C27B0
智能机器人作业需求,[Demand],#4CAF50,满足于,工程固废就地资源化技术,[TechMaterial],#9C27B0
智能机器人作业需求,[Demand],#4CAF50,满足于,通航枢纽数字孪生调度技术,[TechMonitor],#E91E63
智能机器人作业需求,[Demand],#4CAF50,满足于,船闸智能协同助航系统,[TechMonitor],#E91E63
智能机器人作业需求,[Demand],#4CAF50,满足于,绿色高效船舶过闸技术,[TechMonitor],#E91E63
智能机器人作业需求,[Demand],#4CAF50,满足于,船闸设备故障预警诊断系统,[TechMonitor],#E91E63
智能机器人作业需求,[Demand],#4CAF50,满足于,高安全分布式智能管控系统,[TechMonitor],#E91E63
智能机器人作业需求,[Demand],#4CAF50,满足于,动力系统智能监测控制技术,[TechMonitor],#E91E63
智能机器人作业需求,[Demand],#4CAF50,满足于,智能工程机器人作业技术,[TechMonitor],#E91E63
智能机器人作业需求,[Demand],#4CAF50,满足于,峡谷高精度光纤授时系统,[TechMonitor],#E91E63
智能机器人作业需求,[Demand],#4CAF50,满足于,大坝水下三维数字化探测技术,[TechMonitor],#E91E63
智能机器人作业需求,[Demand],#4CAF50,满足于,船舶过闸吃水自动检测技术,[TechMonitor],#E91E63
智能机器人作业需求,[Demand],#4CAF50,满足于,智能疏浚决策支持系统,[TechMonitor],#E91E63
智能机器人作业需求,[Demand],#4CAF50,满足于,水面漂浮物监测治理技术,[TechMonitor],#E91E63
智能机器人作业需求,[Demand],#4CAF50,满足于,港口一体化智能管控系统,[TechMonitor],#E91E63
智能机器人作业需求,[Demand],#4CAF50,满足于,受限域船组水动力预报系统,[TechShip],#00BCD4
智能机器人作业需求,[Demand],#4CAF50,满足于,生态过鱼水生生物运动仿真技术,[TechShip],#00BCD4
智能机器人作业需求,[Demand],#4CAF50,满足于,三峡新通道标准船型研发平台,[TechShip],#00BCD4
智能机器人作业需求,[Demand],#4CAF50,满足于,船舶自主智能运动控制系统,[TechShip],#00BCD4
智能机器人作业需求,[Demand],#4CAF50,满足于,钾离子固态电池储能技术,[TechEnergy],#2196F3
智能机器人作业需求,[Demand],#4CAF50,满足于,光-浪-储自洽能源供电系统,[TechEnergy],#2196F3
智能机器人作业需求,[Demand],#4CAF50,满足于,水风光氢零碳航道微电网,[TechEnergy],#2196F3
智能机器人作业需求,[Demand],#4CAF50,满足于,船舶航道智慧消防防控技术,[TechSafety],#F44336
智能机器人作业需求,[Demand],#4CAF50,满足于,大坝结构健康安全诊断技术,[TechSafety],#F44336
智能机器人作业需求,[Demand],#4CAF50,满足于,大坝渗流隐蔽病害探测技术,[TechSafety],#F44336
智能机器人作业需求,[Demand],#4CAF50,满足于,枢纽施工断航风险评估技术,[TechSafety],#F44336
高精度光纤授时需求,[Demand],#4CAF50,满足于,大体积混凝土控裂成套技术,[TechMaterial],#9C27B0
高精度光纤授时需求,[Demand],#4CAF50,满足于,枢纽混凝土制备关键技术,[TechMaterial],#9C27B0
高精度光纤授时需求,[Demand],#4CAF50,满足于,混凝土自清洁纳米涂层技术,[TechMaterial],#9C27B0
高精度光纤授时需求,[Demand],#4CAF50,满足于,数字骨料全生命周期技术,[TechMaterial],#9C27B0
高精度光纤授时需求,[Demand],#4CAF50,满足于,超高频水下环保裂岩技术,[TechMaterial],#9C27B0
高精度光纤授时需求,[Demand],#4CAF50,满足于,高陡边坡控制爆破技术,[TechMaterial],#9C27B0
高精度光纤授时需求,[Demand],#4CAF50,满足于,工程固废就地资源化技术,[TechMaterial],#9C27B0
高精度光纤授时需求,[Demand],#4CAF50,满足于,通航枢纽数字孪生调度技术,[TechMonitor],#E91E63
高精度光纤授时需求,[Demand],#4CAF50,满足于,船闸智能协同助航系统,[TechMonitor],#E91E63
高精度光纤授时需求,[Demand],#4CAF50,满足于,绿色高效船舶过闸技术,[TechMonitor],#E91E63
高精度光纤授时需求,[Demand],#4CAF50,满足于,船闸设备故障预警诊断系统,[TechMonitor],#E91E63
高精度光纤授时需求,[Demand],#4CAF50,满足于,高安全分布式智能管控系统,[TechMonitor],#E91E63
高精度光纤授时需求,[Demand],#4CAF50,满足于,动力系统智能监测控制技术,[TechMonitor],#E91E63
高精度光纤授时需求,[Demand],#4CAF50,满足于,智能工程机器人作业技术,[TechMonitor],#E91E63
高精度光纤授时需求,[Demand],#4CAF50,满足于,峡谷高精度光纤授时系统,[TechMonitor],#E91E63
高精度光纤授时需求,[Demand],#4CAF50,满足于,大坝水下三维数字化探测技术,[TechMonitor],#E91E63
高精度光纤授时需求,[Demand],#4CAF50,满足于,船舶过闸吃水自动检测技术,[TechMonitor],#E91E63
高精度光纤授时需求,[Demand],#4CAF50,满足于,智能疏浚决策支持系统,[TechMonitor],#E91E63
高精度光纤授时需求,[Demand],#4CAF50,满足于,水面漂浮物监测治理技术,[TechMonitor],#E91E63
高精度光纤授时需求,[Demand],#4CAF50,满足于,港口一体化智能管控系统,[TechMonitor],#E91E63
高精度光纤授时需求,[Demand],#4CAF50,满足于,受限域船组水动力预报系统,[TechShip],#00BCD4
高精度光纤授时需求,[Demand],#4CAF50,满足于,生态过鱼水生生物运动仿真技术,[TechShip],#00BCD4
高精度光纤授时需求,[Demand],#4CAF50,满足于,三峡新通道标准船型研发平台,[TechShip],#00BCD4
高精度光纤授时需求,[Demand],#4CAF50,满足于,船舶自主智能运动控制系统,[TechShip],#00BCD4
高精度光纤授时需求,[Demand],#4CAF50,满足于,钾离子固态电池储能技术,[TechEnergy],#2196F3
高精度光纤授时需求,[Demand],#4CAF50,满足于,光-浪-储自洽能源供电系统,[TechEnergy],#2196F3
高精度光纤授时需求,[Demand],#4CAF50,满足于,水风光氢零碳航道微电网,[TechEnergy],#2196F3
高精度光纤授时需求,[Demand],#4CAF50,满足于,船舶航道智慧消防防控技术,[TechSafety],#F44336
高精度光纤授时需求,[Demand],#4CAF50,满足于,大坝结构健康安全诊断技术,[TechSafety],#F44336
高精度光纤授时需求,[Demand],#4CAF50,满足于,大坝渗流隐蔽病害探测技术,[TechSafety],#F44336
高精度光纤授时需求,[Demand],#4CAF50,满足于,枢纽施工断航风险评估技术,[TechSafety],#F44336
大坝三维水下探测需求,[Demand],#4CAF50,满足于,大体积混凝土控裂成套技术,[TechMaterial],#9C27B0
大坝三维水下探测需求,[Demand],#4CAF50,满足于,枢纽混凝土制备关键技术,[TechMaterial],#9C27B0
大坝三维水下探测需求,[Demand],#4CAF50,满足于,混凝土自清洁纳米涂层技术,[TechMaterial],#9C27B0
大坝三维水下探测需求,[Demand],#4CAF50,满足于,数字骨料全生命周期技术,[TechMaterial],#9C27B0
大坝三维水下探测需求,[Demand],#4CAF50,满足于,超高频水下环保裂岩技术,[TechMaterial],#9C27B0
大坝三维水下探测需求,[Demand],#4CAF50,满足于,高陡边坡控制爆破技术,[TechMaterial],#9C27B0
大坝三维水下探测需求,[Demand],#4CAF50,满足于,工程固废就地资源化技术,[TechMaterial],#9C27B0
大坝三维水下探测需求,[Demand],#4CAF50,满足于,通航枢纽数字孪生调度技术,[TechMonitor],#E91E63
大坝三维水下探测需求,[Demand],#4CAF50,满足于,船闸智能协同助航系统,[TechMonitor],#E91E63
大坝三维水下探测需求,[Demand],#4CAF50,满足于,绿色高效船舶过闸技术,[TechMonitor],#E91E63
大坝三维水下探测需求,[Demand],#4CAF50,满足于,船闸设备故障预警诊断系统,[TechMonitor],#E91E63
大坝三维水下探测需求,[Demand],#4CAF50,满足于,高安全分布式智能管控系统,[TechMonitor],#E91E63
大坝三维水下探测需求,[Demand],#4CAF50,满足于,动力系统智能监测控制技术,[TechMonitor],#E91E63
大坝三维水下探测需求,[Demand],#4CAF50,满足于,智能工程机器人作业技术,[TechMonitor],#E91E63
大坝三维水下探测需求,[Demand],#4CAF50,满足于,峡谷高精度光纤授时系统,[TechMonitor],#E91E63
大坝三维水下探测需求,[Demand],#4CAF50,满足于,大坝水下三维数字化探测技术,[TechMonitor],#E91E63
大坝三维水下探测需求,[Demand],#4CAF50,满足于,船舶过闸吃水自动检测技术,[TechMonitor],#E91E63
大坝三维水下探测需求,[Demand],#4CAF50,满足于,智能疏浚决策支持系统,[TechMonitor],#E91E63
大坝三维水下探测需求,[Demand],#4CAF50,满足于,水面漂浮物监测治理技术,[TechMonitor],#E91E63
大坝三维水下探测需求,[Demand],#4CAF50,满足于,港口一体化智能管控系统,[TechMonitor],#E91E63
大坝三维水下探测需求,[Demand],#4CAF50,满足于,受限域船组水动力预报系统,[TechShip],#00BCD4
大坝三维水下探测需求,[Demand],#4CAF50,满足于,生态过鱼水生生物运动仿真技术,[TechShip],#00BCD4
大坝三维水下探测需求,[Demand],#4CAF50,满足于,三峡新通道标准船型研发平台,[TechShip],#00BCD4
大坝三维水下探测需求,[Demand],#4CAF50,满足于,船舶自主智能运动控制系统,[TechShip],#00BCD4
大坝三维水下探测需求,[Demand],#4CAF50,满足于,钾离子固态电池储能技术,[TechEnergy],#2196F3
大坝三维水下探测需求,[Demand],#4CAF50,满足于,光-浪-储自洽能源供电系统,[TechEnergy],#2196F3
大坝三维水下探测需求,[Demand],#4CAF50,满足于,水风光氢零碳航道微电网,[TechEnergy],#2196F3
大坝三维水下探测需求,[Demand],#4CAF50,满足于,船舶航道智慧消防防控技术,[TechSafety],#F44336
大坝三维水下探测需求,[Demand],#4CAF50,满足于,大坝结构健康安全诊断技术,[TechSafety],#F44336
大坝三维水下探测需求,[Demand],#4CAF50,满足于,大坝渗流隐蔽病害探测技术,[TechSafety],#F44336
大坝三维水下探测需求,[Demand],#4CAF50,满足于,枢纽施工断航风险评估技术,[TechSafety],#F44336
船舶吃水自动检测需求,[Demand],#4CAF50,满足于,大体积混凝土控裂成套技术,[TechMaterial],#9C27B0
船舶吃水自动检测需求,[Demand],#4CAF50,满足于,枢纽混凝土制备关键技术,[TechMaterial],#9C27B0
船舶吃水自动检测需求,[Demand],#4CAF50,满足于,混凝土自清洁纳米涂层技术,[TechMaterial],#9C27B0
船舶吃水自动检测需求,[Demand],#4CAF50,满足于,数字骨料全生命周期技术,[TechMaterial],#9C27B0
船舶吃水自动检测需求,[Demand],#4CAF50,满足于,超高频水下环保裂岩技术,[TechMaterial],#9C27B0
船舶吃水自动检测需求,[Demand],#4CAF50,满足于,高陡边坡控制爆破技术,[TechMaterial],#9C27B0
船舶吃水自动检测需求,[Demand],#4CAF50,满足于,工程固废就地资源化技术,[TechMaterial],#9C27B0
船舶吃水自动检测需求,[Demand],#4CAF50,满足于,通航枢纽数字孪生调度技术,[TechMonitor],#E91E63
船舶吃水自动检测需求,[Demand],#4CAF50,满足于,船闸智能协同助航系统,[TechMonitor],#E91E63
船舶吃水自动检测需求,[Demand],#4CAF50,满足于,绿色高效船舶过闸技术,[TechMonitor],#E91E63
船舶吃水自动检测需求,[Demand],#4CAF50,满足于,船闸设备故障预警诊断系统,[TechMonitor],#E91E63
船舶吃水自动检测需求,[Demand],#4CAF50,满足于,高安全分布式智能管控系统,[TechMonitor],#E91E63
船舶吃水自动检测需求,[Demand],#4CAF50,满足于,动力系统智能监测控制技术,[TechMonitor],#E91E63
船舶吃水自动检测需求,[Demand],#4CAF50,满足于,智能工程机器人作业技术,[TechMonitor],#E91E63
船舶吃水自动检测需求,[Demand],#4CAF50,满足于,峡谷高精度光纤授时系统,[TechMonitor],#E91E63
船舶吃水自动检测需求,[Demand],#4CAF50,满足于,大坝水下三维数字化探测技术,[TechMonitor],#E91E63
船舶吃水自动检测需求,[Demand],#4CAF50,满足于,船舶过闸吃水自动检测技术,[TechMonitor],#E91E63
船舶吃水自动检测需求,[Demand],#4CAF50,满足于,智能疏浚决策支持系统,[TechMonitor],#E91E63
船舶吃水自动检测需求,[Demand],#4CAF50,满足于,水面漂浮物监测治理技术,[TechMonitor],#E91E63
船舶吃水自动检测需求,[Demand],#4CAF50,满足于,港口一体化智能管控系统,[TechMonitor],#E91E63
船舶吃水自动检测需求,[Demand],#4CAF50,满足于,受限域船组水动力预报系统,[TechShip],#00BCD4
船舶吃水自动检测需求,[Demand],#4CAF50,满足于,生态过鱼水生生物运动仿真技术,[TechShip],#00BCD4
船舶吃水自动检测需求,[Demand],#4CAF50,满足于,三峡新通道标准船型研发平台,[TechShip],#00BCD4
船舶吃水自动检测需求,[Demand],#4CAF50,满足于,船舶自主智能运动控制系统,[TechShip],#00BCD4
船舶吃水自动检测需求,[Demand],#4CAF50,满足于,钾离子固态电池储能技术,[TechEnergy],#2196F3
船舶吃水自动检测需求,[Demand],#4CAF50,满足于,光-浪-储自洽能源供电系统,[TechEnergy],#2196F3
船舶吃水自动检测需求,[Demand],#4CAF50,满足于,水风光氢零碳航道微电网,[TechEnergy],#2196F3
船舶吃水自动检测需求,[Demand],#4CAF50,满足于,船舶航道智慧消防防控技术,[TechSafety],#F44336
船舶吃水自动检测需求,[Demand],#4CAF50,满足于,大坝结构健康安全诊断技术,[TechSafety],#F44336
船舶吃水自动检测需求,[Demand],#4CAF50,满足于,大坝渗流隐蔽病害探测技术,[TechSafety],#F44336
船舶吃水自动检测需求,[Demand],#4CAF50,满足于,枢纽施工断航风险评估技术,[TechSafety],#F44336
船闸枢纽建设,[UpIndustry],#FBBC05,支撑,通航智能调度,[MidIndustry],#FF9800
船闸枢纽建设,[UpIndustry],#FBBC05,支撑,船舶安全过闸,[MidIndustry],#FF9800
船闸枢纽建设,[UpIndustry],#FBBC05,支撑,船闸设备运维,[MidIndustry],#FF9800
船闸枢纽建设,[UpIndustry],#FBBC05,支撑,大坝与水下探测,[MidIndustry],#FF9800
船闸枢纽建设,[UpIndustry],#FBBC05,支撑,船舶吃水管控,[MidIndustry],#FF9800
船闸枢纽建设,[UpIndustry],#FBBC05,支撑,智能疏浚与清漂,[MidIndustry],#FF9800
船闸枢纽建设,[UpIndustry],#FBBC05,支撑,港口一体化管控,[MidIndustry],#FF9800
船闸枢纽建设,[UpIndustry],#FBBC05,支撑,船舶水动力安全,[MidIndustry],#FF9800
船闸枢纽建设,[UpIndustry],#FBBC05,支撑,生态过鱼保护,[MidIndustry],#FF9800
船闸枢纽建设,[UpIndustry],#FBBC05,支撑,标准船型研发,[MidIndustry],#FF9800
航道整治与清礁,[UpIndustry],#FBBC05,支撑,通航智能调度,[MidIndustry],#FF9800
航道整治与清礁,[UpIndustry],#FBBC05,支撑,船舶安全过闸,[MidIndustry],#FF9800
航道整治与清礁,[UpIndustry],#FBBC05,支撑,船闸设备运维,[MidIndustry],#FF9800
航道整治与清礁,[UpIndustry],#FBBC05,支撑,大坝与水下探测,[MidIndustry],#FF9800
航道整治与清礁,[UpIndustry],#FBBC05,支撑,船舶吃水管控,[MidIndustry],#FF9800
航道整治与清礁,[UpIndustry],#FBBC05,支撑,智能疏浚与清漂,[MidIndustry],#FF9800
航道整治与清礁,[UpIndustry],#FBBC05,支撑,港口一体化管控,[MidIndustry],#FF9800
航道整治与清礁,[UpIndustry],#FBBC05,支撑,船舶水动力安全,[MidIndustry],#FF9800
航道整治与清礁,[UpIndustry],#FBBC05,支撑,生态过鱼保护,[MidIndustry],#FF9800
航道整治与清礁,[UpIndustry],#FBBC05,支撑,标准船型研发,[MidIndustry],#FF9800
高陡边坡工程,[UpIndustry],#FBBC05,支撑,通航智能调度,[MidIndustry],#FF9800
高陡边坡工程,[UpIndustry],#FBBC05,支撑,船舶安全过闸,[MidIndustry],#FF9800
高陡边坡工程,[UpIndustry],#FBBC05,支撑,船闸设备运维,[MidIndustry],#FF9800
高陡边坡工程,[UpIndustry],#FBBC05,支撑,大坝与水下探测,[MidIndustry],#FF9800
高陡边坡工程,[UpIndustry],#FBBC05,支撑,船舶吃水管控,[MidIndustry],#FF9800
高陡边坡工程,[UpIndustry],#FBBC05,支撑,智能疏浚与清漂,[MidIndustry],#FF9800
高陡边坡工程,[UpIndustry],#FBBC05,支撑,港口一体化管控,[MidIndustry],#FF9800
高陡边坡工程,[UpIndustry],#FBBC05,支撑,船舶水动力安全,[MidIndustry],#FF9800
高陡边坡工程,[UpIndustry],#FBBC05,支撑,生态过鱼保护,[MidIndustry],#FF9800
高陡边坡工程,[UpIndustry],#FBBC05,支撑,标准船型研发,[MidIndustry],#FF9800
工程固废资源化,[UpIndustry],#FBBC05,支撑,通航智能调度,[MidIndustry],#FF9800
工程固废资源化,[UpIndustry],#FBBC05,支撑,船舶安全过闸,[MidIndustry],#FF9800
工程固废资源化,[UpIndustry],#FBBC05,支撑,船闸设备运维,[MidIndustry],#FF9800
工程固废资源化,[UpIndustry],#FBBC05,支撑,大坝与水下探测,[MidIndustry],#FF9800
工程固废资源化,[UpIndustry],#FBBC05,支撑,船舶吃水管控,[MidIndustry],#FF9800
工程固废资源化,[UpIndustry],#FBBC05,支撑,智能疏浚与清漂,[MidIndustry],#FF9800
工程固废资源化,[UpIndustry],#FBBC05,支撑,港口一体化管控,[MidIndustry],#FF9800
工程固废资源化,[UpIndustry],#FBBC05,支撑,船舶水动力安全,[MidIndustry],#FF9800
工程固废资源化,[UpIndustry],#FBBC05,支撑,生态过鱼保护,[MidIndustry],#FF9800
工程固废资源化,[UpIndustry],#FBBC05,支撑,标准船型研发,[MidIndustry],#FF9800
通航智能调度,[MidIndustry],#FF9800,依赖,绿色能源供电,[DownIndustry],#8BC34A
通航智能调度,[MidIndustry],#FF9800,依赖,消防与应急安全,[DownIndustry],#8BC34A
通航智能调度,[MidIndustry],#FF9800,依赖,结构健康监测,[DownIndustry],#8BC34A
通航智能调度,[MidIndustry],#FF9800,依赖,渗流与病害检测,[DownIndustry],#8BC34A
通航智能调度,[MidIndustry],#FF9800,依赖,断航风险评估,[DownIndustry],#8BC34A
船舶安全过闸,[MidIndustry],#FF9800,依赖,绿色能源供电,[DownIndustry],#8BC34A
船舶安全过闸,[MidIndustry],#FF9800,依赖,消防与应急安全,[DownIndustry],#8BC34A
船舶安全过闸,[MidIndustry],#FF9800,依赖,结构健康监测,[DownIndustry],#8BC34A
船舶安全过闸,[MidIndustry],#FF9800,依赖,渗流与病害检测,[DownIndustry],#8BC34A
船舶安全过闸,[MidIndustry],#FF9800,依赖,断航风险评估,[DownIndustry],#8BC34A
船闸设备运维,[MidIndustry],#FF9800,依赖,绿色能源供电,[DownIndustry],#8BC34A
船闸设备运维,[MidIndustry],#FF9800,依赖,消防与应急安全,[DownIndustry],#8BC34A
船闸设备运维,[MidIndustry],#FF9800,依赖,结构健康监测,[DownIndustry],#8BC34A
船闸设备运维,[MidIndustry],#FF9800,依赖,渗流与病害检测,[DownIndustry],#8BC34A
船闸设备运维,[MidIndustry],#FF9800,依赖,断航风险评估,[DownIndustry],#8BC34A
大坝与水下探测,[MidIndustry],#FF9800,依赖,绿色能源供电,[DownIndustry],#8BC34A
大坝与水下探测,[MidIndustry],#FF9800,依赖,消防与应急安全,[DownIndustry],#8BC34A
大坝与水下探测,[MidIndustry],#FF9800,依赖,结构健康监测,[DownIndustry],#8BC34A
大坝与水下探测,[MidIndustry],#FF9800,依赖,渗流与病害检测,[DownIndustry],#8BC34A
大坝与水下探测,[MidIndustry],#FF9800,依赖,断航风险评估,[DownIndustry],#8BC34A
船舶吃水管控,[MidIndustry],#FF9800,依赖,绿色能源供电,[DownIndustry],#8BC34A
船舶吃水管控,[MidIndustry],#FF9800,依赖,消防与应急安全,[DownIndustry],#8BC34A
船舶吃水管控,[MidIndustry],#FF9800,依赖,结构健康监测,[DownIndustry],#8BC34A
船舶吃水管控,[MidIndustry],#FF9800,依赖,渗流与病害检测,[DownIndustry],#8BC34A
船舶吃水管控,[MidIndustry],#FF9800,依赖,断航风险评估,[DownIndustry],#8BC34A
智能疏浚与清漂,[MidIndustry],#FF9800,依赖,绿色能源供电,[DownIndustry],#8BC34A
智能疏浚与清漂,[MidIndustry],#FF9800,依赖,消防与应急安全,[DownIndustry],#8BC34A
智能疏浚与清漂,[MidIndustry],#FF9800,依赖,结构健康监测,[DownIndustry],#8BC34A
智能疏浚与清漂,[MidIndustry],#FF9800,依赖,渗流与病害检测,[DownIndustry],#8BC34A
智能疏浚与清漂,[MidIndustry],#FF9800,依赖,断航风险评估,[DownIndustry],#8BC34A
港口一体化管控,[MidIndustry],#FF9800,依赖,绿色能源供电,[DownIndustry],#8BC34A
港口一体化管控,[MidIndustry],#FF9800,依赖,消防与应急安全,[DownIndustry],#8BC34A
港口一体化管控,[MidIndustry],#FF9800,依赖,结构健康监测,[DownIndustry],#8BC34A
港口一体化管控,[MidIndustry],#FF9800,依赖,渗流与病害检测,[DownIndustry],#8BC34A
港口一体化管控,[MidIndustry],#FF9800,依赖,断航风险评估,[DownIndustry],#8BC34A
船舶水动力安全,[MidIndustry],#FF9800,依赖,绿色能源供电,[DownIndustry],#8BC34A
船舶水动力安全,[MidIndustry],#FF9800,依赖,消防与应急安全,[DownIndustry],#8BC34A
船舶水动力安全,[MidIndustry],#FF9800,依赖,结构健康监测,[DownIndustry],#8BC34A
船舶水动力安全,[MidIndustry],#FF9800,依赖,渗流与病害检测,[DownIndustry],#8BC34A
船舶水动力安全,[MidIndustry],#FF9800,依赖,断航风险评估,[DownIndustry],#8BC34A
生态过鱼保护,[MidIndustry],#FF9800,依赖,绿色能源供电,[DownIndustry],#8BC34A
生态过鱼保护,[MidIndustry],#FF9800,依赖,消防与应急安全,[DownIndustry],#8BC34A
生态过鱼保护,[MidIndustry],#FF9800,依赖,结构健康监测,[DownIndustry],#8BC34A
生态过鱼保护,[MidIndustry],#FF9800,依赖,渗流与病害检测,[DownIndustry],#8BC34A
生态过鱼保护,[MidIndustry],#FF9800,依赖,断航风险评估,[DownIndustry],#8BC34A
标准船型研发,[MidIndustry],#FF9800,依赖,绿色能源供电,[DownIndustry],#8BC34A
标准船型研发,[MidIndustry],#FF9800,依赖,消防与应急安全,[DownIndustry],#8BC34A
标准船型研发,[MidIndustry],#FF9800,依赖,结构健康监测,[DownIndustry],#8BC34A
标准船型研发,[MidIndustry],#FF9800,依赖,渗流与病害检测,[DownIndustry],#8BC34A
标准船型研发,[MidIndustry],#FF9800,依赖,断航风险评估,[DownIndustry],#8BC34A
船闸枢纽建设,[UpIndustry],#FBBC05,保障,绿色能源供电,[DownIndustry],#8BC34A
船闸枢纽建设,[UpIndustry],#FBBC05,保障,消防与应急安全,[DownIndustry],#8BC34A
船闸枢纽建设,[UpIndustry],#FBBC05,保障,结构健康监测,[DownIndustry],#8BC34A
船闸枢纽建设,[UpIndustry],#FBBC05,保障,渗流与病害检测,[DownIndustry],#8BC34A
船闸枢纽建设,[UpIndustry],#FBBC05,保障,断航风险评估,[DownIndustry],#8BC34A
航道整治与清礁,[UpIndustry],#FBBC05,保障,绿色能源供电,[DownIndustry],#8BC34A
航道整治与清礁,[UpIndustry],#FBBC05,保障,消防与应急安全,[DownIndustry],#8BC34A
航道整治与清礁,[UpIndustry],#FBBC05,保障,结构健康监测,[DownIndustry],#8BC34A
航道整治与清礁,[UpIndustry],#FBBC05,保障,渗流与病害检测,[DownIndustry],#8BC34A
航道整治与清礁,[UpIndustry],#FBBC05,保障,断航风险评估,[DownIndustry],#8BC34A
高陡边坡工程,[UpIndustry],#FBBC05,保障,绿色能源供电,[DownIndustry],#8BC34A
高陡边坡工程,[UpIndustry],#FBBC05,保障,消防与应急安全,[DownIndustry],#8BC34A
高陡边坡工程,[UpIndustry],#FBBC05,保障,结构健康监测,[DownIndustry],#8BC34A
高陡边坡工程,[UpIndustry],#FBBC05,保障,渗流与病害检测,[DownIndustry],#8BC34A
高陡边坡工程,[UpIndustry],#FBBC05,保障,断航风险评估,[DownIndustry],#8BC34A
工程固废资源化,[UpIndustry],#FBBC05,保障,绿色能源供电,[DownIndustry],#8BC34A
工程固废资源化,[UpIndustry],#FBBC05,保障,消防与应急安全,[DownIndustry],#8BC34A
工程固废资源化,[UpIndustry],#FBBC05,保障,结构健康监测,[DownIndustry],#8BC34A
工程固废资源化,[UpIndustry],#FBBC05,保障,渗流与病害检测,[DownIndustry],#8BC34A
工程固废资源化,[UpIndustry],#FBBC05,保障,断航风险评估,[DownIndustry],#8BC34A